bot 2 0.208361 0.249389 0.200841 0.148382 0.193027
nn 2 0 -0.7215591
nn 2 1 -3.6538162
nn 2 2 -0.0477366
nn 2 3 2.5812912
nn 2 4 4.4959092
nn 2 5 0.7401903
nn 2 6 -0.3724838
nn 2 7 -0.9156052
nn 2 8 4.7423582
nn 2 9 -0.2375482
nn 2 10 1.5118171
nn 2 11 -5.6392679
nn 2 12 0.2460385
nn 2 13 0.9159577
nn 2 14 -0.0221910
nn 2 15 -2.4481077
nn 2 16 -0.3796125
nn 2 17 0.1204506
nn 2 18 -4.9116473
nn 2 19 -0.0048935
nn 2 20 1.4300979
nn 2 21 0.0760266
nn 2 22 -3.3588035
nn 2 23 -6.1563034
nn 2 24 -1.5518841
nn 2 25 -0.0097015
nn 2 26 -2.5828688
nn 2 27 -5.0169497
nn 2 28 -0.5919031
nn 2 29 1.9094285
nn 2 30 -1.8871005
nn 2 31 4.0204334
nn 2 32 -2.2843380
nn 2 33 2.3536682
nn 2 34 5.4094543
nn 2 35 9.8493214
nn 2 36 -2.0010180
nn 2 37 -2.6147161
nn 2 38 -2.7673175
nn 2 39 -4.8941855
nn 2 40 3.3204827
nn 2 41 2.8974426
nn 2 42 -7.0891399
nn 2 43 3.0353768
nn 2 44 3.9634352
nn 2 45 2.2440569
nn 2 46 3.6735766
nn 2 47 -1.9540261
nn 2 48 -0.7042528
nn 2 49 -0.1806006
nn 2 50 -0.8218113
nn 2 51 -4.6716962
nn 2 52 -2.4587557
nn 2 53 -0.2446034
nn 2 54 -2.0179336
nn 2 55 7.9903250
nn 2 56 2.6065650
nn 2 57 2.5080206
nn 2 58 0.2775320
nn 2 59 3.1084313
nn 2 60 -2.3585072
nn 2 61 -2.3661935
nn 2 62 0.2989103
nn 2 63 -2.7413573
nn 2 64 5.1642971
nn 2 65 2.9627731
nn 2 66 -5.9337335
nn 2 67 6.1305180
nn 2 68 4.8779168
nn 2 69 0.9890180
nn 2 70 3.6569417
nn 2 71 -2.3051655
nn 2 72 0.4230551
nn 2 73 -1.0297925
nn 2 74 0.3534923
nn 2 75 3.5092309
nn 2 76 -0.4350114
nn 2 77 0.7803817
nn 2 78 -0.2022309
nn 2 79 0.6025041
nn 2 80 3.3838365
nn 2 81 0.3256543
nn 2 82 -0.0728988
nn 2 83 -0.9225824
nn 2 84 -2.7603371
nn 2 85 -0.2112155
nn 2 86 2.2000105
nn 2 87 -5.7454166
nn 2 88 7.8881502
nn 2 89 2.3409393
nn 2 90 2.0294225
nn 2 91 0.8239149
nn 2 92 -3.1599429
nn 2 93 0.3669831
nn 2 94 4.3604083
nn 2 95 1.4646130
nn 2 96 -2.0099041
nn 2 97 -2.6642456
nn 2 98 -2.7138612
nn 2 99 -4.9797039
nn 2 100 3.2754488
nn 2 101 2.8619041
nn 2 102 -7.0607367
nn 2 103 2.9234812
nn 2 104 3.9743929
nn 2 105 2.2875106
nn 2 106 3.5690219
nn 2 107 -2.0826206
nn 2 108 0.3534406
nn 2 109 0.8651950
nn 2 110 -0.8389560
nn 2 111 1.9220071
nn 2 112 0.7956601
nn 2 113 -0.0334008
nn 2 114 0.4605612
nn 2 115 -1.1570396
nn 2 116 1.2868255
nn 2 117 -0.2438115
nn 2 118 -0.4058523
nn 2 119 0.6247423
nn 2 120 -1.7385834
nn 2 121 -1.2392149
nn 2 122 -2.0621285
nn 2 123 -0.9535193
nn 2 124 3.5459857
nn 2 125 2.6818619
nn 2 126 -2.5217619
nn 2 127 0.3282702
nn 2 128 2.8625305
nn 2 129 -2.9562955
nn 2 130 -1.3744805
nn 2 131 -5.2517343
nn 2 132 -1.5206695
nn 2 133 -0.6118553
nn 2 134 -1.3023212
nn 2 135 -0.0273794
nn 2 136 -1.6597611
nn 2 137 0.4411860
nn 2 138 1.6522585
nn 2 139 -0.9608487
nn 2 140 0.4419817
nn 2 141 -1.6922883
nn 2 142 -0.7580802
nn 2 143 1.3676796
nn 2 144 0.7073034
nn 2 145 0.3671252
nn 2 146 1.7412437
nn 2 147 2.3904278
nn 2 148 -1.9549086
nn 2 149 -1.4785733
nn 2 150 -0.7133121
nn 2 151 0.1778913
nn 2 152 -2.9510729
nn 2 153 -0.7396852
nn 2 154 -1.3931217
nn 2 155 0.4436934
nn 2 156 1.5026761
nn 2 157 1.1179955
nn 2 158 -0.6724326
nn 2 159 -3.4984632
nn 2 160 0.0519539
nn 2 161 -4.4603486
nn 2 162 -0.9880642
nn 2 163 4.2372417
nn 2 164 2.1882067
nn 2 165 -1.3946443
nn 2 166 -0.2931688
nn 2 167 0.5319962
nn 2 168 -1.1765344
nn 2 169 -0.1528522
nn 2 170 -1.2653668
nn 2 171 0.3163661
nn 2 172 -1.0112976
ctl 2 0 0.7482209
ctl 2 1 0.5005035
ctl 2 2 0.6341367
ctl 2 3 -0.0195617
ctl 2 4 0.0743100
ctl 2 5 0.0975393
ctl 2 6 0.0070896
ctl 2 7 0.0000000
ctl 2 8 -0.1242207
ctl 2 9 0.0000000
ctl 2 10 0.0000000
ctl 2 11 0.0087759
ctl 2 12 -0.1412125
ctl 2 13 0.0241008
ctl 2 14 -0.0438077
ctl 2 15 -0.0194678
ctl 2 16 -0.1098608
ctl 2 17 -0.0434830
ctl 2 18 0.0070896
ctl 2 19 -0.0700668
ctl 2 20 -0.0982596
ctl 2 21 0.0769854
ctl 2 22 -0.0268774
ctl 2 23 -0.0712027
ctl 2 24 0.0485381
ctl 2 25 0.2331372
ctl 2 26 -0.0457773
ctl 2 27 0.1080906
ctl 2 28 -0.0060000
ctl 2 29 0.0181375
ctl 2 30 0.0019762
ctl 2 31 -0.1171312
ctl 2 32 0.0000000
ctl 2 33 -0.1171312
ctl 2 34 0.0000000
ctl 2 35 0.0000000
ctl 2 36 -0.0663779
ctl 2 37 0.0000000
ctl 2 38 0.0000000
ctl 2 39 0.0000000
ctl 2 40 0.5068106
ctl 2 41 0.8517268
ctl 2 42 0.5463558
ctl 2 43 0.0072765
ctl 2 44 -0.0077926
ctl 2 45 -0.1306964
ctl 2 46 -0.1059891
ctl 2 47 0.0000000
ctl 2 48 0.0108866
ctl 2 49 0.0000000
ctl 2 50 0.0000000
ctl 2 51 0.0501701
ctl 2 52 0.1124147
ctl 2 53 -0.0241553
ctl 2 54 -0.0373267
ctl 2 55 -0.0062095
ctl 2 56 -0.0860116
ctl 2 57 -0.1227277
ctl 2 58 -0.1059891
ctl 2 59 -0.1150035
ctl 2 60 -0.0113996
ctl 2 61 0.1046185
ctl 2 62 0.0427669
ctl 2 63 -0.0616702
ctl 2 64 -0.1079257
ctl 2 65 -0.0617565
ctl 2 66 0.0802764
ctl 2 67 -0.2735698
ctl 2 68 0.0023114
ctl 2 69 -0.0048017
ctl 2 70 -0.0060000
ctl 2 71 -0.0951017
ctl 2 72 0.0000000
ctl 2 73 -0.0951017
ctl 2 74 0.0000000
ctl 2 75 0.0000000
ctl 2 76 0.0367156
ctl 2 77 0.0000000
ctl 2 78 0.0000000
ctl 2 79 0.0000000
ctl 2 80 0.6745076
ctl 2 81 0.5836158
ctl 2 82 0.6193467
ctl 2 83 -0.0014726
ctl 2 84 0.1136447
ctl 2 85 -0.0225994
ctl 2 86 -0.0281716
ctl 2 87 0.0000000
ctl 2 88 -0.0943515
ctl 2 89 0.0000000
ctl 2 90 0.0000000
ctl 2 91 -0.0251374
ctl 2 92 0.0191143
ctl 2 93 -0.0320800
ctl 2 94 -0.0366249
ctl 2 95 0.0128550
ctl 2 96 -0.1166299
ctl 2 97 -0.0455338
ctl 2 98 -0.0281716
ctl 2 99 -0.0194873
ctl 2 100 0.0216753
ctl 2 101 0.0210178
ctl 2 102 -0.0303031
ctl 2 103 -0.0043688
ctl 2 104 0.0416645
ctl 2 105 -0.0734685
ctl 2 106 -0.1469627
ctl 2 107 0.1115563
ctl 2 108 0.0010753
ctl 2 109 -0.0284539
ctl 2 110 0.0026883
ctl 2 111 -0.1225230
ctl 2 112 0.0000000
ctl 2 113 -0.1225230
ctl 2 114 0.0000000
ctl 2 115 0.0000000
ctl 2 116 -0.0710963
ctl 2 117 0.0000000
ctl 2 118 0.0000000
ctl 2 119 0.0000000
ctl 2 120 -0.0147858
ctl 2 121 0.0211385
ctl 2 122 -0.1405423
ctl 2 123 -0.0460903
ctl 2 124 0.7712387
ctl 2 125 -0.0789710
ctl 2 126 -0.0942994
ctl 2 127 0.0000000
ctl 2 128 -0.0398901
ctl 2 129 0.0000000
ctl 2 130 0.0000000
ctl 2 131 0.1177790
ctl 2 132 0.0355510
ctl 2 133 -0.0296933
ctl 2 134 -0.2420584
ctl 2 135 -0.0377337
ctl 2 136 -0.1159434
ctl 2 137 -0.1590419
ctl 2 138 -0.0942994
ctl 2 139 -0.1656154
ctl 2 140 -0.1192405
ctl 2 141 0.3525107
ctl 2 142 -0.0068298
ctl 2 143 -0.1304921
ctl 2 144 -0.0087521
ctl 2 145 0.1956430
ctl 2 146 0.0200698
ctl 2 147 -0.1183382
ctl 2 148 -0.0033907
ctl 2 149 -0.0300084
ctl 2 150 -0.0021611
ctl 2 151 -0.1341893
ctl 2 152 0.0000000
ctl 2 153 -0.1341893
ctl 2 154 0.0000000
ctl 2 155 0.0000000
ctl 2 156 0.0430980
ctl 2 157 0.0000000
ctl 2 158 0.0000000
ctl 2 159 0.4000000
ctl 2 160 0.0138983
ctl 2 161 -0.0136234
ctl 2 162 0.0098306
ctl 2 163 1.9303192
ctl 2 164 -0.1679431
ctl 2 165 0.0119744
ctl 2 166 0.0048555
ctl 2 167 0.0000000
ctl 2 168 0.0052500
ctl 2 169 0.0000000
ctl 2 170 0.0000000
ctl 2 171 0.0178369
ctl 2 172 -0.0089331
ctl 2 173 -0.0372452
ctl 2 174 0.0522718
ctl 2 175 0.0005511
ctl 2 176 0.0062466
ctl 2 177 0.0232883
ctl 2 178 0.0048555
ctl 2 179 0.0225418
ctl 2 180 0.0174901
ctl 2 181 -0.0829203
ctl 2 182 0.0012207
ctl 2 183 -0.0081563
ctl 2 184 0.0057209
ctl 2 185 -0.0349899
ctl 2 186 -0.0058422
ctl 2 187 0.0217194
ctl 2 188 0.0011466
ctl 2 189 0.0084314
ctl 2 190 0.0009040
ctl 2 191 0.0101055
ctl 2 192 0.0000000
ctl 2 193 0.0101055
ctl 2 194 0.0000000
ctl 2 195 0.0000000
ctl 2 196 -0.0170417
ctl 2 197 0.0000000
ctl 2 198 0.0000000
ctl 2 199 0.0000000
ctl 2 200 -0.0604392
ctl 2 201 0.0211713
ctl 2 202 -0.1060162
ctl 2 203 0.0060109
ctl 2 204 0.3622152
ctl 2 205 -0.0134103
ctl 2 206 0.0161120
ctl 2 207 0.0000000
ctl 2 208 -0.1613961
ctl 2 209 0.0000000
ctl 2 210 0.0000000
ctl 2 211 -0.0082923
ctl 2 212 0.0734826
ctl 2 213 0.0063823
ctl 2 214 -0.1749638
ctl 2 215 -0.0170665
ctl 2 216 -0.1360080
ctl 2 217 -0.1326503
ctl 2 218 0.0161120
ctl 2 219 -0.1539854
ctl 2 220 -0.0851182
ctl 2 221 0.1917515
ctl 2 222 0.0197423
ctl 2 223 -0.1014549
ctl 2 224 -0.0209884
ctl 2 225 -0.0289732
ctl 2 226 -0.0083310
ctl 2 227 -0.0744163
ctl 2 228 -0.0018694
ctl 2 229 -0.0204832
ctl 2 230 -0.0014319
ctl 2 231 -0.1452841
ctl 2 232 0.0000000
ctl 2 233 -0.1452841
ctl 2 234 0.0000000
ctl 2 235 0.0000000
ctl 2 236 -0.0033576
ctl 2 237 0.0000000
ctl 2 238 0.0000000
ctl 2 239 0.4000000
ctl 2 240 0.0158844
ctl 2 241 -0.1067933
ctl 2 242 0.0006648
ctl 2 243 -0.0295850
ctl 2 244 1.0420330
ctl 2 245 -0.0842093
ctl 2 246 -0.2483915
ctl 2 247 0.0000000
ctl 2 248 0.1581478
ctl 2 249 0.0000000
ctl 2 250 0.0000000
ctl 2 251 0.0984917
ctl 2 252 -0.1627187
ctl 2 253 -0.0617974
ctl 2 254 0.2951833
ctl 2 255 0.0849227
ctl 2 256 -0.0826334
ctl 2 257 0.1101827
ctl 2 258 -0.2483915
ctl 2 259 0.0899257
ctl 2 260 0.1094690
ctl 2 261 -0.1146504
ctl 2 262 -0.0466946
ctl 2 263 0.1110308
ctl 2 264 0.0050773
ctl 2 265 0.1293086
ctl 2 266 -0.1354672
ctl 2 267 0.1123773
ctl 2 268 0.0027135
ctl 2 269 0.0335097
ctl 2 270 0.0021217
ctl 2 271 -0.0902436
ctl 2 272 0.0000000
ctl 2 273 -0.0902436
ctl 2 274 0.0000000
ctl 2 275 0.0000000
ctl 2 276 -0.1928163
ctl 2 277 0.0000000
ctl 2 278 0.0000000
ctl 2 279 0.0000000
ctl 2 280 -0.1534544
ctl 2 281 0.1651501
ctl 2 282 -0.1012769
ctl 2 283 -0.0007433
ctl 2 284 0.5189857
ctl 2 285 0.0576693
ctl 2 286 -0.0812031
ctl 2 287 0.0000000
ctl 2 288 -0.0083782
ctl 2 289 0.0000000
ctl 2 290 0.0000000
ctl 2 291 -0.0072378
ctl 2 292 0.0938561
ctl 2 293 -0.0622504
ctl 2 294 -0.2173521
ctl 2 295 0.0820323
ctl 2 296 -0.0780217
ctl 2 297 -0.0854937
ctl 2 298 -0.0812031
ctl 2 299 -0.0245780
ctl 2 300 -0.0939259
ctl 2 301 0.2827635
ctl 2 302 0.0641583
ctl 2 303 -0.2140926
ctl 2 304 -0.0230470
ctl 2 305 -0.1614591
ctl 2 306 -0.1477519
ctl 2 307 0.2225552
ctl 2 308 0.0014891
ctl 2 309 0.0199605
ctl 2 310 0.0030388
ctl 2 311 -0.0895812
ctl 2 312 0.0000000
ctl 2 313 -0.0895812
ctl 2 314 0.0000000
ctl 2 315 0.0000000
ctl 2 316 0.0074719
ctl 2 317 0.0000000
ctl 2 318 0.0000000
ctl 2 319 0.4000000
ctl 2 320 0.1131296
ctl 2 321 -0.1814934
ctl 2 322 0.0165526
ctl 2 323 -0.0059325
ctl 2 324 -0.0046263
ctl 2 325 0.8471096
ctl 2 326 0.0640722
ctl 2 327 0.0000000
ctl 2 328 -0.1158829
ctl 2 329 0.0000000
ctl 2 330 0.0000000
ctl 2 331 0.1756196
ctl 2 332 0.0538011
ctl 2 333 0.0244750
ctl 2 334 0.1146540
ctl 2 335 -0.1445340
ctl 2 336 -0.0522626
ctl 2 337 0.0630330
ctl 2 338 0.0640722
ctl 2 339 0.0834190
ctl 2 340 0.1616136
ctl 2 341 0.0598570
ctl 2 342 -0.0438358
ctl 2 343 0.1269989
ctl 2 344 -0.0759547
ctl 2 345 0.0585824
ctl 2 346 -0.1618963
ctl 2 347 -0.5178060
ctl 2 348 -0.0060000
ctl 2 349 -0.0540000
ctl 2 350 -0.0060000
ctl 2 351 -0.0518113
ctl 2 352 0.0000000
ctl 2 353 -0.0518113
ctl 2 354 0.0000000
ctl 2 355 0.0000000
ctl 2 356 -0.1152954
ctl 2 357 0.0000000
ctl 2 358 0.0000000
ctl 2 359 0.0000000
ctl 2 360 -0.0185429
ctl 2 361 -0.0319784
ctl 2 362 -0.0382667
ctl 2 363 0.0072566
ctl 2 364 -0.0978780
ctl 2 365 0.0293662
ctl 2 366 1.4293747
ctl 2 367 0.0000000
ctl 2 368 0.4818360
ctl 2 369 0.0000000
ctl 2 370 0.0000000
ctl 2 371 0.0154377
ctl 2 372 0.0516096
ctl 2 373 -0.0162740
ctl 2 374 -0.0919500
ctl 2 375 0.0292404
ctl 2 376 -0.0858986
ctl 2 377 -0.0759917
ctl 2 378 -0.5706239
ctl 2 379 -0.0830098
ctl 2 380 -0.0407223
ctl 2 381 0.0482064
ctl 2 382 0.0227622
ctl 2 383 -0.0552930
ctl 2 384 -0.0108441
ctl 2 385 -0.0478293
ctl 2 386 -0.0217558
ctl 2 387 -0.0500331
ctl 2 388 0.0012261
ctl 2 389 -0.0118542
ctl 2 390 0.0030035
ctl 2 391 -0.0887877
ctl 2 392 0.0000000
ctl 2 393 -0.0887877
ctl 2 394 0.0000000
ctl 2 395 0.0000000
ctl 2 396 -0.0099072
ctl 2 397 0.0000000
ctl 2 398 0.0000000
ctl 2 399 0.0000000
ctl 2 400 0.0010210
ctl 2 401 -0.0123306
ctl 2 402 0.0281314
ctl 2 403 0.0038707
ctl 2 404 -0.1766002
ctl 2 405 0.0235794
ctl 2 406 0.0208797
ctl 2 407 2.0000000
ctl 2 408 -0.0040579
ctl 2 409 0.0000000
ctl 2 410 0.0000000
ctl 2 411 -0.0317911
ctl 2 412 0.0153460
ctl 2 413 0.0166591
ctl 2 414 0.0439651
ctl 2 415 0.0055731
ctl 2 416 0.0128893
ctl 2 417 0.0178536
ctl 2 418 0.0208797
ctl 2 419 0.0254473
ctl 2 420 0.0211309
ctl 2 421 -0.0706646
ctl 2 422 0.0017192
ctl 2 423 0.0257801
ctl 2 424 0.0002326
ctl 2 425 -0.0544070
ctl 2 426 -0.0058022
ctl 2 427 0.0230545
ctl 2 428 0.0006680
ctl 2 429 0.0075238
ctl 2 430 0.0006060
ctl 2 431 0.0168218
ctl 2 432 0.0000000
ctl 2 433 0.0168218
ctl 2 434 0.0000000
ctl 2 435 0.0000000
ctl 2 436 -0.0049643
ctl 2 437 0.0000000
ctl 2 438 0.0000000
ctl 2 439 0.0000000
ctl 2 440 -0.0820413
ctl 2 441 -0.0274236
ctl 2 442 -0.1611481
ctl 2 443 -0.0188957
ctl 2 444 0.5545164
ctl 2 445 -0.1336820
ctl 2 446 0.4129958
ctl 2 447 0.0000000
ctl 2 448 1.3163766
ctl 2 449 0.0000000
ctl 2 450 0.0000000
ctl 2 451 0.0938000
ctl 2 452 -0.0865467
ctl 2 453 -0.0528408
ctl 2 454 -0.1151341
ctl 2 455 -0.0659634
ctl 2 456 -0.2436031
ctl 2 457 -0.1755874
ctl 2 458 0.4129958
ctl 2 459 -0.1635605
ctl 2 460 -0.0783071
ctl 2 461 0.2306982
ctl 2 462 -0.0423128
ctl 2 463 -0.0859095
ctl 2 464 -0.0078405
ctl 2 465 0.2168909
ctl 2 466 -0.0850896
ctl 2 467 -0.0454211
ctl 2 468 -0.0039942
ctl 2 469 -0.0113088
ctl 2 470 -0.0050495
ctl 2 471 -0.2706139
ctl 2 472 0.0000000
ctl 2 473 -0.2706139
ctl 2 474 0.0000000
ctl 2 475 0.0000000
ctl 2 476 -0.0680154
ctl 2 477 0.0000000
ctl 2 478 0.0000000
ctl 2 479 0.0000000
ctl 2 480 0.0010210
ctl 2 481 -0.0123306
ctl 2 482 0.0281314
ctl 2 483 0.0038707
ctl 2 484 -0.1766002
ctl 2 485 0.0235794
ctl 2 486 0.0208797
ctl 2 487 0.0000000
ctl 2 488 -0.0040579
ctl 2 489 2.0000000
ctl 2 490 0.0000000
ctl 2 491 -0.0317911
ctl 2 492 0.0153460
ctl 2 493 0.0166591
ctl 2 494 0.0439651
ctl 2 495 0.0055731
ctl 2 496 0.0128893
ctl 2 497 0.0178536
ctl 2 498 0.0208797
ctl 2 499 0.0254473
ctl 2 500 0.0211309
ctl 2 501 -0.0706646
ctl 2 502 0.0017192
ctl 2 503 0.0257801
ctl 2 504 0.0002326
ctl 2 505 -0.0544070
ctl 2 506 -0.0058022
ctl 2 507 0.0230545
ctl 2 508 0.0006680
ctl 2 509 0.0075238
ctl 2 510 0.0006060
ctl 2 511 0.0168218
ctl 2 512 0.0000000
ctl 2 513 0.0168218
ctl 2 514 0.0000000
ctl 2 515 0.0000000
ctl 2 516 -0.0049643
ctl 2 517 0.0000000
ctl 2 518 0.0000000
ctl 2 519 0.0000000
ctl 2 520 0.0010210
ctl 2 521 -0.0123306
ctl 2 522 0.0281314
ctl 2 523 0.0038707
ctl 2 524 -0.1766002
ctl 2 525 0.0235794
ctl 2 526 0.0208797
ctl 2 527 0.0000000
ctl 2 528 -0.0040579
ctl 2 529 0.0000000
ctl 2 530 2.0000000
ctl 2 531 -0.0317911
ctl 2 532 0.0153460
ctl 2 533 0.0166591
ctl 2 534 0.0439651
ctl 2 535 0.0055731
ctl 2 536 0.0128893
ctl 2 537 0.0178536
ctl 2 538 0.0208797
ctl 2 539 0.0254473
ctl 2 540 0.0211309
ctl 2 541 -0.0706646
ctl 2 542 0.0017192
ctl 2 543 0.0257801
ctl 2 544 0.0002326
ctl 2 545 -0.0544070
ctl 2 546 -0.0058022
ctl 2 547 0.0230545
ctl 2 548 0.0006680
ctl 2 549 0.0075238
ctl 2 550 0.0006060
ctl 2 551 0.0168218
ctl 2 552 0.0000000
ctl 2 553 0.0168218
ctl 2 554 0.0000000
ctl 2 555 0.0000000
ctl 2 556 -0.0049643
ctl 2 557 0.0000000
ctl 2 558 0.0000000
ctl 2 559 0.0000000
ctl 2 560 0.0856682
ctl 2 561 -0.0369786
ctl 2 562 -0.0200769
ctl 2 563 -0.0053228
ctl 2 564 0.0309493
ctl 2 565 -0.1039566
ctl 2 566 -0.0713145
ctl 2 567 0.0000000
ctl 2 568 0.0999273
ctl 2 569 0.0000000
ctl 2 570 0.0000000
ctl 2 571 0.8485248
ctl 2 572 0.0154694
ctl 2 573 0.0372135
ctl 2 574 -0.0057532
ctl 2 575 -0.0098689
ctl 2 576 0.0330175
ctl 2 577 -0.0316709
ctl 2 578 -0.0713145
ctl 2 579 0.0897185
ctl 2 580 0.2102818
ctl 2 581 0.0084228
ctl 2 582 -0.0050960
ctl 2 583 -0.0383281
ctl 2 584 -0.0012158
ctl 2 585 -0.0426690
ctl 2 586 -0.0919821
ctl 2 587 -0.0425573
ctl 2 588 -0.0008130
ctl 2 589 0.0029518
ctl 2 590 -0.0007751
ctl 2 591 0.0286128
ctl 2 592 0.0000000
ctl 2 593 0.0286128
ctl 2 594 0.0000000
ctl 2 595 0.0000000
ctl 2 596 0.0646884
ctl 2 597 0.0000000
ctl 2 598 0.0000000
ctl 2 599 0.0000000
ctl 2 600 0.0205735
ctl 2 601 -0.0044293
ctl 2 602 -0.0170809
ctl 2 603 -0.0101473
ctl 2 604 0.0790922
ctl 2 605 -0.0802889
ctl 2 606 0.0294257
ctl 2 607 0.0000000
ctl 2 608 -0.0303623
ctl 2 609 0.0000000
ctl 2 610 0.0000000
ctl 2 611 0.0103113
ctl 2 612 0.5259707
ctl 2 613 -0.0516660
ctl 2 614 0.0118672
ctl 2 615 0.0033548
ctl 2 616 0.0038380
ctl 2 617 0.0039319
ctl 2 618 0.0294257
ctl 2 619 -0.0295227
ctl 2 620 -0.0086723
ctl 2 621 0.1699525
ctl 2 622 0.0170364
ctl 2 623 -0.0658679
ctl 2 624 -0.0205495
ctl 2 625 -0.0279429
ctl 2 626 0.0360366
ctl 2 627 -0.0758879
ctl 2 628 0.0008984
ctl 2 629 0.0051952
ctl 2 630 -0.0002270
ctl 2 631 -0.0009367
ctl 2 632 0.0000000
ctl 2 633 -0.0009367
ctl 2 634 0.0000000
ctl 2 635 0.0000000
ctl 2 636 -0.0000939
ctl 2 637 0.0000000
ctl 2 638 0.0000000
ctl 2 639 0.0000000
ctl 2 640 -0.1171312
ctl 2 641 -0.0951017
ctl 2 642 -0.1225230
ctl 2 643 0.2658095
ctl 2 644 0.0101055
ctl 2 645 0.2547161
ctl 2 646 -0.0902436
ctl 2 647 0.3104180
ctl 2 648 -0.0518113
ctl 2 649 -0.0887877
ctl 2 650 0.0168218
ctl 2 651 -0.2706139
ctl 2 652 0.0168218
ctl 2 653 0.0168218
ctl 2 654 0.0286128
ctl 2 655 -0.0009367
bot 3 0.215436 0.243354 0.108709 0.119477 0.313025
nn 3 0 -1.3090065
nn 3 1 5.5304570
nn 3 2 -0.5089290
nn 3 3 -2.0170002
nn 3 4 -1.2413349
nn 3 5 1.5844764
nn 3 6 -1.1415865
nn 3 7 -2.4184060
nn 3 8 1.4742582
nn 3 9 2.3085012
nn 3 10 1.5744518
nn 3 11 1.2021221
nn 3 12 1.7587434
nn 3 13 -5.5501947
nn 3 14 -0.5621943
nn 3 15 -2.9164114
nn 3 16 1.0947921
nn 3 17 0.7893646
nn 3 18 1.6178893
nn 3 19 0.3174798
nn 3 20 -1.2576505
nn 3 21 -0.5329930
nn 3 22 -1.2985671
nn 3 23 0.4667009
nn 3 24 3.2173104
nn 3 25 3.3119335
nn 3 26 -2.2102096
nn 3 27 1.6144798
nn 3 28 -4.3056083
nn 3 29 -0.4929628
nn 3 30 -5.8030081
nn 3 31 -3.1172700
nn 3 32 1.9250398
nn 3 33 0.7888221
nn 3 34 -3.6314702
nn 3 35 2.2440536
nn 3 36 3.7998595
nn 3 37 3.1776831
nn 3 38 -3.2917497
nn 3 39 -3.5228271
nn 3 40 -4.3247905
nn 3 41 1.9629558
nn 3 42 -5.3912687
nn 3 43 -5.1428785
nn 3 44 2.1935358
nn 3 45 2.6754434
nn 3 46 -3.3632503
nn 3 47 3.9238207
nn 3 48 2.8531702
nn 3 49 -1.9111626
nn 3 50 -2.4815214
nn 3 51 -0.2744564
nn 3 52 -2.1362023
nn 3 53 1.8004566
nn 3 54 1.6414129
nn 3 55 -10.0000000
nn 3 56 0.7057201
nn 3 57 1.1864769
nn 3 58 -1.3009331
nn 3 59 2.9804599
nn 3 60 0.0988165
nn 3 61 3.2809935
nn 3 62 0.2999480
nn 3 63 -5.3760076
nn 3 64 -4.4147277
nn 3 65 2.3028212
nn 3 66 0.4638662
nn 3 67 -10.0000000
nn 3 68 1.0841449
nn 3 69 2.1624136
nn 3 70 -0.1653251
nn 3 71 -0.6037351
nn 3 72 -0.2787906
nn 3 73 0.3373547
nn 3 74 0.2958313
nn 3 75 -0.7265080
nn 3 76 -0.5898535
nn 3 77 -0.2576515
nn 3 78 0.1513875
nn 3 79 -1.8964151
nn 3 80 -0.2092768
nn 3 81 0.8391481
nn 3 82 0.9893535
nn 3 83 -0.2013353
nn 3 84 1.3331925
nn 3 85 5.5207920
nn 3 86 -3.4009528
nn 3 87 -6.1841908
nn 3 88 -1.6421831
nn 3 89 2.9286301
nn 3 90 -4.9940877
nn 3 91 2.4606614
nn 3 92 1.1503420
nn 3 93 2.7939236
nn 3 94 -1.7412512
nn 3 95 0.2722141
nn 3 96 3.7367818
nn 3 97 3.2611926
nn 3 98 -3.3679152
nn 3 99 -3.5505524
nn 3 100 -4.4161658
nn 3 101 1.9712286
nn 3 102 -5.4951334
nn 3 103 -5.0750341
nn 3 104 2.1970501
nn 3 105 2.6398697
nn 3 106 -3.4765894
nn 3 107 3.9756505
nn 3 108 -0.0198645
nn 3 109 0.1189677
nn 3 110 -0.4782483
nn 3 111 1.9754469
nn 3 112 1.9596534
nn 3 113 0.9161168
nn 3 114 1.8654387
nn 3 115 -0.2746216
nn 3 116 -0.8600232
nn 3 117 -1.5491164
nn 3 118 0.3857424
nn 3 119 1.5901020
nn 3 120 3.1693881
nn 3 121 -1.0286781
nn 3 122 -0.7500213
nn 3 123 -4.8122225
nn 3 124 -5.1577325
nn 3 125 0.6639464
nn 3 126 -0.3993866
nn 3 127 -0.5186968
nn 3 128 0.2834837
nn 3 129 3.3513746
nn 3 130 1.0175976
nn 3 131 0.8648009
nn 3 132 -1.1025909
nn 3 133 -0.5320426
nn 3 134 -1.9451433
nn 3 135 -0.7318931
nn 3 136 0.2830890
nn 3 137 1.0446168
nn 3 138 -3.6013992
nn 3 139 -2.2436848
nn 3 140 1.3596355
nn 3 141 0.7496106
nn 3 142 -0.6215653
nn 3 143 -0.8263718
nn 3 144 -2.9840493
nn 3 145 -0.4776619
nn 3 146 -1.8434601
nn 3 147 -1.6058624
nn 3 148 -2.7762895
nn 3 149 -1.9964111
nn 3 150 0.2718074
nn 3 151 -1.1687448
nn 3 152 -1.0593089
nn 3 153 -1.0026399
nn 3 154 0.9694785
nn 3 155 0.2187003
nn 3 156 0.2755932
nn 3 157 1.2481709
nn 3 158 -4.0436883
nn 3 159 1.3806334
nn 3 160 -3.4960074
nn 3 161 -3.7515507
nn 3 162 -1.5785586
nn 3 163 1.7495073
nn 3 164 -1.7791367
nn 3 165 -1.2847323
nn 3 166 2.2309456
nn 3 167 -0.7151318
nn 3 168 -0.7570876
nn 3 169 -1.4710982
nn 3 170 1.8484293
nn 3 171 0.7220964
nn 3 172 0.7550043
ctl 3 0 0.6586463
ctl 3 1 0.5541279
ctl 3 2 0.6526659
ctl 3 3 -0.0183644
ctl 3 4 0.0875957
ctl 3 5 0.0057807
ctl 3 6 -0.0440812
ctl 3 7 0.0000000
ctl 3 8 -0.0904719
ctl 3 9 0.0000000
ctl 3 10 0.0000000
ctl 3 11 -0.0239207
ctl 3 12 -0.0080041
ctl 3 13 0.0077601
ctl 3 14 -0.0259854
ctl 3 15 -0.0080088
ctl 3 16 -0.1181340
ctl 3 17 -0.0398665
ctl 3 18 -0.0384538
ctl 3 19 -0.0539786
ctl 3 20 0.0498841
ctl 3 21 0.0302230
ctl 3 22 0.0400963
ctl 3 23 0.0343254
ctl 3 24 0.0332898
ctl 3 25 0.0287136
ctl 3 26 -0.0821920
ctl 3 27 0.0671036
ctl 3 28 -0.0085000
ctl 3 29 -0.0284077
ctl 3 30 -0.0012987
ctl 3 31 -0.1345530
ctl 3 32 0.0000000
ctl 3 33 -0.1345530
ctl 3 34 0.0000000
ctl 3 35 0.0000000
ctl 3 36 -0.0782678
ctl 3 37 0.0000000
ctl 3 38 -0.0049639
ctl 3 39 0.0000000
ctl 3 40 0.5403379
ctl 3 41 0.8658869
ctl 3 42 0.4983446
ctl 3 43 0.0228911
ctl 3 44 0.0266094
ctl 3 45 -0.0760682
ctl 3 46 -0.1006310
ctl 3 47 0.0000000
ctl 3 48 0.0052051
ctl 3 49 0.0000000
ctl 3 50 0.0000000
ctl 3 51 -0.0495600
ctl 3 52 0.0720705
ctl 3 53 -0.0760983
ctl 3 54 -0.0699548
ctl 3 55 0.0286235
ctl 3 56 -0.1022784
ctl 3 57 -0.1071745
ctl 3 58 -0.1022497
ctl 3 59 -0.1014503
ctl 3 60 -0.0624642
ctl 3 61 0.1019597
ctl 3 62 -0.0058829
ctl 3 63 -0.0663288
ctl 3 64 -0.0749332
ctl 3 65 0.0210953
ctl 3 66 0.0186674
ctl 3 67 -0.2463931
ctl 3 68 0.0059577
ctl 3 69 0.0066901
ctl 3 70 0.0093530
ctl 3 71 -0.0954253
ctl 3 72 0.0000000
ctl 3 73 -0.0954253
ctl 3 74 0.0000000
ctl 3 75 0.0000000
ctl 3 76 0.0048955
ctl 3 77 0.0000000
ctl 3 78 0.0018242
ctl 3 79 0.0000000
ctl 3 80 0.6368157
ctl 3 81 0.5003834
ctl 3 82 0.7318084
ctl 3 83 -0.0159286
ctl 3 84 0.1029662
ctl 3 85 0.0050256
ctl 3 86 0.0110253
ctl 3 87 0.0000000
ctl 3 88 -0.1420077
ctl 3 89 0.0000000
ctl 3 90 0.0000000
ctl 3 91 -0.0008401
ctl 3 92 -0.0604021
ctl 3 93 0.0376065
ctl 3 94 -0.0617388
ctl 3 95 -0.0546340
ctl 3 96 -0.1124001
ctl 3 97 -0.0792676
ctl 3 98 0.0091914
ctl 3 99 -0.0518441
ctl 3 100 0.0668614
ctl 3 101 0.0333011
ctl 3 102 -0.0374370
ctl 3 103 -0.0725416
ctl 3 104 0.0340487
ctl 3 105 -0.0144149
ctl 3 106 -0.0667123
ctl 3 107 0.0751347
ctl 3 108 0.0023488
ctl 3 109 0.0142142
ctl 3 110 0.0006640
ctl 3 111 -0.1309823
ctl 3 112 0.0000000
ctl 3 113 -0.1309823
ctl 3 114 0.0000000
ctl 3 115 0.0000000
ctl 3 116 -0.0331330
ctl 3 117 0.0000000
ctl 3 118 0.0017781
ctl 3 119 0.0000000
ctl 3 120 -0.1562520
ctl 3 121 0.0253866
ctl 3 122 -0.0755529
ctl 3 123 -0.0268521
ctl 3 124 0.7955279
ctl 3 125 -0.1159474
ctl 3 126 -0.1240476
ctl 3 127 0.0000000
ctl 3 128 -0.0823709
ctl 3 129 0.0000000
ctl 3 130 0.0000000
ctl 3 131 -0.0899677
ctl 3 132 0.0279171
ctl 3 133 0.0169447
ctl 3 134 -0.2741948
ctl 3 135 -0.0394515
ctl 3 136 -0.1886005
ctl 3 137 -0.1731280
ctl 3 138 -0.1227334
ctl 3 139 -0.1841995
ctl 3 140 0.0768940
ctl 3 141 0.2537108
ctl 3 142 -0.0148169
ctl 3 143 -0.1075765
ctl 3 144 0.0215492
ctl 3 145 0.1467691
ctl 3 146 -0.0572504
ctl 3 147 -0.1552222
ctl 3 148 -0.0038921
ctl 3 149 -0.0163083
ctl 3 150 0.0295720
ctl 3 151 -0.2064182
ctl 3 152 0.0000000
ctl 3 153 -0.2064182
ctl 3 154 0.0000000
ctl 3 155 0.0000000
ctl 3 156 -0.0154729
ctl 3 157 0.0000000
ctl 3 158 0.0038099
ctl 3 159 0.4000000
ctl 3 160 0.0372071
ctl 3 161 -0.0046182
ctl 3 162 0.0049706
ctl 3 163 1.9280645
ctl 3 164 -0.1196070
ctl 3 165 -0.0096390
ctl 3 166 0.0247882
ctl 3 167 0.0000000
ctl 3 168 0.0127716
ctl 3 169 0.0000000
ctl 3 170 0.0000000
ctl 3 171 -0.0101910
ctl 3 172 -0.0263075
ctl 3 173 -0.0413525
ctl 3 174 0.0561269
ctl 3 175 -0.0116048
ctl 3 176 0.0355992
ctl 3 177 0.0108257
ctl 3 178 0.0243134
ctl 3 179 0.0379410
ctl 3 180 -0.0251675
ctl 3 181 -0.0501793
ctl 3 182 0.0191499
ctl 3 183 -0.0356568
ctl 3 184 -0.0224166
ctl 3 185 -0.0434959
ctl 3 186 0.0018322
ctl 3 187 0.0300624
ctl 3 188 0.0007563
ctl 3 189 -0.0009085
ctl 3 190 -0.0088732
ctl 3 191 0.0375597
ctl 3 192 0.0000000
ctl 3 193 0.0375597
ctl 3 194 0.0000000
ctl 3 195 0.0000000
ctl 3 196 0.0247737
ctl 3 197 0.0000000
ctl 3 198 -0.0060000
ctl 3 199 0.0000000
ctl 3 200 -0.0613739
ctl 3 201 -0.0454382
ctl 3 202 -0.0426395
ctl 3 203 0.0068680
ctl 3 204 0.4273872
ctl 3 205 0.0101986
ctl 3 206 0.0091829
ctl 3 207 0.0000000
ctl 3 208 -0.1586345
ctl 3 209 0.0000000
ctl 3 210 0.0000000
ctl 3 211 -0.0177952
ctl 3 212 0.0602275
ctl 3 213 0.0199948
ctl 3 214 -0.1675502
ctl 3 215 -0.0227582
ctl 3 216 -0.1312271
ctl 3 217 -0.1429696
ctl 3 218 0.0107721
ctl 3 219 -0.1555776
ctl 3 220 0.0448891
ctl 3 221 0.1653422
ctl 3 222 -0.0108887
ctl 3 223 -0.0822514
ctl 3 224 -0.0176076
ctl 3 225 -0.0298145
ctl 3 226 0.0133716
ctl 3 227 -0.1112036
ctl 3 228 -0.0035888
ctl 3 229 -0.0131393
ctl 3 230 0.0379674
ctl 3 231 -0.1494516
ctl 3 232 0.0000000
ctl 3 233 -0.1494516
ctl 3 234 0.0000000
ctl 3 235 0.0000000
ctl 3 236 0.0117425
ctl 3 237 0.0000000
ctl 3 238 -0.0010187
ctl 3 239 0.4000000
ctl 3 240 -0.0572370
ctl 3 241 -0.0273894
ctl 3 242 -0.0248531
ctl 3 243 -0.0246898
ctl 3 244 0.9179893
ctl 3 245 -0.1119691
ctl 3 246 -0.2552362
ctl 3 247 0.0000000
ctl 3 248 0.1457579
ctl 3 249 0.0000000
ctl 3 250 0.0000000
ctl 3 251 -0.0645889
ctl 3 252 -0.1373613
ctl 3 253 -0.0712679
ctl 3 254 0.2730654
ctl 3 255 0.0740349
ctl 3 256 -0.1001934
ctl 3 257 0.1020373
ctl 3 258 -0.2590410
ctl 3 259 0.0700681
ctl 3 260 -0.0611999
ctl 3 261 -0.1132547
ctl 3 262 -0.0043494
ctl 3 263 0.0792851
ctl 3 264 0.0086411
ctl 3 265 0.0417047
ctl 3 266 -0.1617878
ctl 3 267 0.1224252
ctl 3 268 0.0067812
ctl 3 269 0.0201456
ctl 3 270 0.0012223
ctl 3 271 -0.1094785
ctl 3 272 0.0000000
ctl 3 273 -0.1094785
ctl 3 274 0.0000000
ctl 3 275 0.0000000
ctl 3 276 -0.2022306
ctl 3 277 0.0000000
ctl 3 278 0.0008720
ctl 3 279 0.0000000
ctl 3 280 -0.0992649
ctl 3 281 0.1028963
ctl 3 282 -0.1226882
ctl 3 283 0.0090110
ctl 3 284 0.5641113
ctl 3 285 0.0213472
ctl 3 286 -0.0929089
ctl 3 287 0.0000000
ctl 3 288 -0.0261480
ctl 3 289 0.0000000
ctl 3 290 0.0000000
ctl 3 291 -0.0331396
ctl 3 292 0.0468467
ctl 3 293 -0.0466346
ctl 3 294 -0.2471510
ctl 3 295 0.1009581
ctl 3 296 -0.0949024
ctl 3 297 -0.0483966
ctl 3 298 -0.0906350
ctl 3 299 -0.0370240
ctl 3 300 0.0557415
ctl 3 301 0.2031310
ctl 3 302 -0.0416094
ctl 3 303 -0.1945615
ctl 3 304 -0.0501627
ctl 3 305 -0.1679275
ctl 3 306 -0.1865757
ctl 3 307 0.2654605
ctl 3 308 0.0028553
ctl 3 309 0.0172542
ctl 3 310 -0.0049237
ctl 3 311 -0.1190568
ctl 3 312 0.0000000
ctl 3 313 -0.1190568
ctl 3 314 0.0000000
ctl 3 315 0.0000000
ctl 3 316 -0.0465059
ctl 3 317 0.0000000
ctl 3 318 0.0037948
ctl 3 319 0.4000000
ctl 3 320 0.0179359
ctl 3 321 -0.1002089
ctl 3 322 0.0502256
ctl 3 323 -0.0538304
ctl 3 324 -0.0096939
ctl 3 325 0.6785827
ctl 3 326 0.0527167
ctl 3 327 0.0000000
ctl 3 328 -0.0847635
ctl 3 329 0.0000000
ctl 3 330 0.0000000
ctl 3 331 -0.0554695
ctl 3 332 0.0652344
ctl 3 333 -0.0183802
ctl 3 334 0.1072462
ctl 3 335 -0.2025495
ctl 3 336 -0.0423488
ctl 3 337 0.0459804
ctl 3 338 0.0514086
ctl 3 339 0.0967810
ctl 3 340 -0.1425575
ctl 3 341 0.0419755
ctl 3 342 0.0587969
ctl 3 343 0.0718260
ctl 3 344 -0.0696489
ctl 3 345 0.0640613
ctl 3 346 -0.1266766
ctl 3 347 -0.6214864
ctl 3 348 -0.0085000
ctl 3 349 -0.0382514
ctl 3 350 0.0058884
ctl 3 351 -0.0320477
ctl 3 352 0.0000000
ctl 3 353 -0.0320477
ctl 3 354 0.0000000
ctl 3 355 0.0000000
ctl 3 356 -0.0883291
ctl 3 357 0.0000000
ctl 3 358 -0.0060000
ctl 3 359 0.0000000
ctl 3 360 -0.0252531
ctl 3 361 -0.0594792
ctl 3 362 -0.0098153
ctl 3 363 0.0141622
ctl 3 364 -0.0918321
ctl 3 365 0.0192508
ctl 3 366 1.4122647
ctl 3 367 0.0000000
ctl 3 368 0.4931850
ctl 3 369 0.0000000
ctl 3 370 0.0000000
ctl 3 371 -0.0210656
ctl 3 372 0.0275182
ctl 3 373 0.0141061
ctl 3 374 -0.1216022
ctl 3 375 0.0112045
ctl 3 376 -0.1024880
ctl 3 377 -0.1016019
ctl 3 378 -0.5817327
ctl 3 379 -0.0927482
ctl 3 380 0.0544367
ctl 3 381 0.0659206
ctl 3 382 0.0172332
ctl 3 383 -0.0551491
ctl 3 384 -0.0455502
ctl 3 385 -0.0533924
ctl 3 386 -0.0112409
ctl 3 387 -0.0561602
ctl 3 388 -0.0078824
ctl 3 389 0.0042402
ctl 3 390 -0.0006432
ctl 3 391 -0.0945474
ctl 3 392 0.0000000
ctl 3 393 -0.0945474
ctl 3 394 0.0000000
ctl 3 395 0.0000000
ctl 3 396 -0.0008864
ctl 3 397 0.0000000
ctl 3 398 0.0019124
ctl 3 399 0.0000000
ctl 3 400 0.0249889
ctl 3 401 -0.0099916
ctl 3 402 0.0127164
ctl 3 403 0.0115701
ctl 3 404 -0.1880228
ctl 3 405 0.0442547
ctl 3 406 0.0287939
ctl 3 407 2.0000000
ctl 3 408 -0.0010804
ctl 3 409 0.0000000
ctl 3 410 0.0000000
ctl 3 411 0.0274939
ctl 3 412 0.0090650
ctl 3 413 0.0126674
ctl 3 414 0.0370436
ctl 3 415 0.0130648
ctl 3 416 0.0244726
ctl 3 417 0.0226152
ctl 3 418 0.0285836
ctl 3 419 0.0233701
ctl 3 420 -0.0046203
ctl 3 421 -0.0493974
ctl 3 422 0.0013692
ctl 3 423 0.0294140
ctl 3 424 -0.0020563
ctl 3 425 -0.0267287
ctl 3 426 0.0101394
ctl 3 427 0.0322212
ctl 3 428 0.0008858
ctl 3 429 0.0052647
ctl 3 430 -0.0101890
ctl 3 431 0.0277136
ctl 3 432 0.0000000
ctl 3 433 0.0277136
ctl 3 434 0.0000000
ctl 3 435 0.0000000
ctl 3 436 0.0018574
ctl 3 437 0.0000000
ctl 3 438 0.0004989
ctl 3 439 0.0000000
ctl 3 440 -0.1598774
ctl 3 441 -0.0204930
ctl 3 442 -0.1323632
ctl 3 443 -0.0398139
ctl 3 444 0.6140755
ctl 3 445 -0.1459086
ctl 3 446 0.3941912
ctl 3 447 0.0000000
ctl 3 448 1.2930633
ctl 3 449 0.0000000
ctl 3 450 0.0000000
ctl 3 451 -0.0955334
ctl 3 452 -0.0541276
ctl 3 453 -0.0698816
ctl 3 454 -0.0890209
ctl 3 455 -0.0716534
ctl 3 456 -0.2667687
ctl 3 457 -0.1638913
ctl 3 458 0.3881913
ctl 3 459 -0.1588956
ctl 3 460 0.0190677
ctl 3 461 0.1434878
ctl 3 462 -0.0131257
ctl 3 463 -0.0678780
ctl 3 464 0.0375044
ctl 3 465 0.1074901
ctl 3 466 -0.1303386
ctl 3 467 -0.0835818
ctl 3 468 0.0056996
ctl 3 469 -0.0225632
ctl 3 470 0.0179303
ctl 3 471 -0.3127358
ctl 3 472 0.0000000
ctl 3 473 -0.3127358
ctl 3 474 0.0000000
ctl 3 475 0.0000000
ctl 3 476 -0.1028763
ctl 3 477 0.0000000
ctl 3 478 -0.0033129
ctl 3 479 0.0000000
ctl 3 480 0.0249889
ctl 3 481 -0.0099916
ctl 3 482 0.0127164
ctl 3 483 0.0115701
ctl 3 484 -0.1880228
ctl 3 485 0.0442547
ctl 3 486 0.0287939
ctl 3 487 0.0000000
ctl 3 488 -0.0010804
ctl 3 489 2.0000000
ctl 3 490 0.0000000
ctl 3 491 0.0274939
ctl 3 492 0.0090650
ctl 3 493 0.0126674
ctl 3 494 0.0370436
ctl 3 495 0.0130648
ctl 3 496 0.0244726
ctl 3 497 0.0226152
ctl 3 498 0.0285836
ctl 3 499 0.0233701
ctl 3 500 -0.0046203
ctl 3 501 -0.0493974
ctl 3 502 0.0013692
ctl 3 503 0.0294140
ctl 3 504 -0.0020563
ctl 3 505 -0.0267287
ctl 3 506 0.0101394
ctl 3 507 0.0322212
ctl 3 508 0.0008858
ctl 3 509 0.0052647
ctl 3 510 -0.0101890
ctl 3 511 0.0277136
ctl 3 512 0.0000000
ctl 3 513 0.0277136
ctl 3 514 0.0000000
ctl 3 515 0.0000000
ctl 3 516 0.0018574
ctl 3 517 0.0000000
ctl 3 518 0.0004989
ctl 3 519 0.0000000
ctl 3 520 0.0249889
ctl 3 521 -0.0099916
ctl 3 522 0.0127164
ctl 3 523 0.0115701
ctl 3 524 -0.1880228
ctl 3 525 0.0442547
ctl 3 526 0.0287939
ctl 3 527 0.0000000
ctl 3 528 -0.0010804
ctl 3 529 0.0000000
ctl 3 530 2.0000000
ctl 3 531 0.0274939
ctl 3 532 0.0090650
ctl 3 533 0.0126674
ctl 3 534 0.0370436
ctl 3 535 0.0130648
ctl 3 536 0.0244726
ctl 3 537 0.0226152
ctl 3 538 0.0285836
ctl 3 539 0.0233701
ctl 3 540 -0.0046203
ctl 3 541 -0.0493974
ctl 3 542 0.0013692
ctl 3 543 0.0294140
ctl 3 544 -0.0020563
ctl 3 545 -0.0267287
ctl 3 546 0.0101394
ctl 3 547 0.0322212
ctl 3 548 0.0008858
ctl 3 549 0.0052647
ctl 3 550 -0.0101890
ctl 3 551 0.0277136
ctl 3 552 0.0000000
ctl 3 553 0.0277136
ctl 3 554 0.0000000
ctl 3 555 0.0000000
ctl 3 556 0.0018574
ctl 3 557 0.0000000
ctl 3 558 0.0004989
ctl 3 559 0.0000000
ctl 3 560 0.0496829
ctl 3 561 0.0074812
ctl 3 562 -0.0850395
ctl 3 563 -0.0008194
ctl 3 564 -0.0293808
ctl 3 565 0.1191252
ctl 3 566 0.0476071
ctl 3 567 0.0000000
ctl 3 568 -0.0754827
ctl 3 569 0.0000000
ctl 3 570 0.0000000
ctl 3 571 1.0005292
ctl 3 572 -0.0247483
ctl 3 573 -0.0294915
ctl 3 574 0.0190212
ctl 3 575 0.0134699
ctl 3 576 -0.0355124
ctl 3 577 0.0139697
ctl 3 578 0.0482207
ctl 3 579 -0.0862232
ctl 3 580 0.2348454
ctl 3 581 -0.0319229
ctl 3 582 -0.0017920
ctl 3 583 0.0251147
ctl 3 584 -0.0040590
ctl 3 585 0.0839149
ctl 3 586 0.1014646
ctl 3 587 0.0448233
ctl 3 588 0.0007827
ctl 3 589 -0.0005187
ctl 3 590 -0.0013663
ctl 3 591 -0.0278755
ctl 3 592 0.0000000
ctl 3 593 -0.0278755
ctl 3 594 0.0000000
ctl 3 595 0.0000000
ctl 3 596 -0.0494821
ctl 3 597 0.0000000
ctl 3 598 -0.0005165
ctl 3 599 0.0000000
ctl 3 600 -0.0072087
ctl 3 601 -0.0202110
ctl 3 602 0.0295383
ctl 3 603 0.0003023
ctl 3 604 0.0690368
ctl 3 605 -0.0968547
ctl 3 606 0.0134935
ctl 3 607 0.0000000
ctl 3 608 -0.0113749
ctl 3 609 0.0000000
ctl 3 610 0.0000000
ctl 3 611 -0.0188754
ctl 3 612 0.6384894
ctl 3 613 -0.0827442
ctl 3 614 -0.0092744
ctl 3 615 0.0063519
ctl 3 616 0.0084003
ctl 3 617 -0.0059068
ctl 3 618 0.0135458
ctl 3 619 -0.0343308
ctl 3 620 0.0018648
ctl 3 621 0.1751080
ctl 3 622 -0.0037840
ctl 3 623 -0.0491352
ctl 3 624 -0.0324298
ctl 3 625 0.0060683
ctl 3 626 0.0502628
ctl 3 627 -0.1003090
ctl 3 628 0.0032419
ctl 3 629 0.0028608
ctl 3 630 0.0021721
ctl 3 631 0.0021186
ctl 3 632 0.0000000
ctl 3 633 0.0021186
ctl 3 634 0.0000000
ctl 3 635 0.0000000
ctl 3 636 0.0143071
ctl 3 637 0.0000000
ctl 3 638 0.0003645
ctl 3 639 0.0000000
ctl 3 640 -0.1345530
ctl 3 641 -0.0954253
ctl 3 642 -0.1309823
ctl 3 643 0.1935813
ctl 3 644 0.0375597
ctl 3 645 0.2505482
ctl 3 646 -0.1094785
ctl 3 647 0.2809429
ctl 3 648 -0.0320477
ctl 3 649 -0.0945474
ctl 3 650 0.0277136
ctl 3 651 -0.3127358
ctl 3 652 0.0277136
ctl 3 653 0.0277136
ctl 3 654 -0.0278755
ctl 3 655 0.0021186
bot 4 0.200589 0.190273 0.169020 0.184273 0.255846
nn 4 0 -0.6729159
nn 4 1 -1.7465520
nn 4 2 0.5265968
nn 4 3 -5.2890654
nn 4 4 -6.5648193
nn 4 5 -0.6141593
nn 4 6 -8.0910769
nn 4 7 -3.4095495
nn 4 8 -2.8047931
nn 4 9 2.7385330
nn 4 10 -10.0000000
nn 4 11 0.2133873
nn 4 12 -2.2232249
nn 4 13 -4.4628525
nn 4 14 -2.3840828
nn 4 15 1.5764918
nn 4 16 -0.7417202
nn 4 17 5.0067158
nn 4 18 3.9120016
nn 4 19 -1.5006952
nn 4 20 3.3907132
nn 4 21 -0.1831154
nn 4 22 -5.4257998
nn 4 23 -0.9661092
nn 4 24 -1.5259610
nn 4 25 -2.6763136
nn 4 26 -0.2532715
nn 4 27 0.1860356
nn 4 28 2.2607355
nn 4 29 0.2690859
nn 4 30 -0.7541912
nn 4 31 9.1730165
nn 4 32 0.5344890
nn 4 33 3.1171134
nn 4 34 8.0130291
nn 4 35 -1.8990120
nn 4 36 -4.3957152
nn 4 37 -8.7529087
nn 4 38 -2.2252791
nn 4 39 -3.5369766
nn 4 40 -5.2497163
nn 4 41 4.7890015
nn 4 42 -4.8511777
nn 4 43 4.1982174
nn 4 44 1.1957197
nn 4 45 5.7244482
nn 4 46 -7.9828949
nn 4 47 -2.6594305
nn 4 48 -3.0065470
nn 4 49 -0.4147050
nn 4 50 -2.3441222
nn 4 51 0.2463667
nn 4 52 -6.0423899
nn 4 53 5.2467241
nn 4 54 -0.0456367
nn 4 55 1.1936774
nn 4 56 2.4778347
nn 4 57 3.0730836
nn 4 58 -0.9498973
nn 4 59 -2.2628992
nn 4 60 -3.8804355
nn 4 61 -3.8576396
nn 4 62 -2.0110106
nn 4 63 -1.8451985
nn 4 64 -3.7349653
nn 4 65 6.3637953
nn 4 66 -6.4155836
nn 4 67 0.5143831
nn 4 68 -0.7670685
nn 4 69 2.3642359
nn 4 70 -2.6288402
nn 4 71 0.3883841
nn 4 72 -0.2964631
nn 4 73 0.6582193
nn 4 74 0.6190134
nn 4 75 0.5117002
nn 4 76 -0.8867949
nn 4 77 -0.0192656
nn 4 78 3.1058457
nn 4 79 -0.9378428
nn 4 80 0.6095086
nn 4 81 2.6875889
nn 4 82 -1.2229124
nn 4 83 -0.7005572
nn 4 84 -0.3725486
nn 4 85 -3.4506235
nn 4 86 -0.0345921
nn 4 87 -3.0126162
nn 4 88 0.0888374
nn 4 89 1.9937092
nn 4 90 -4.5687547
nn 4 91 -1.0876349
nn 4 92 3.0950627
nn 4 93 2.4127436
nn 4 94 -1.6673945
nn 4 95 -2.2599597
nn 4 96 -4.4045882
nn 4 97 -8.8024387
nn 4 98 -2.1718228
nn 4 99 -3.6224945
nn 4 100 -5.2947488
nn 4 101 4.7534628
nn 4 102 -4.8227744
nn 4 103 4.0863223
nn 4 104 1.2066777
nn 4 105 5.7679029
nn 4 106 -8.0874214
nn 4 107 -2.7880421
nn 4 108 0.7494035
nn 4 109 -0.9828688
nn 4 110 0.5777522
nn 4 111 0.5523555
nn 4 112 -0.3809480
nn 4 113 0.0742524
nn 4 114 -2.3638127
nn 4 115 -1.2007251
nn 4 116 -0.5093856
nn 4 117 1.3104327
nn 4 118 3.0881915
nn 4 119 2.7671168
nn 4 120 1.1788417
nn 4 121 0.4501622
nn 4 122 -0.5706065
nn 4 123 -2.1632421
nn 4 124 -0.5538142
nn 4 125 -4.5548916
nn 4 126 -2.3018966
nn 4 127 0.4800920
nn 4 128 -1.0614501
nn 4 129 -1.2382766
nn 4 130 -0.4815561
nn 4 131 -1.2749063
nn 4 132 -0.0824853
nn 4 133 1.2642529
nn 4 134 -0.5002169
nn 4 135 -4.6135154
nn 4 136 -1.4161464
nn 4 137 0.3572962
nn 4 138 -0.1422295
nn 4 139 -2.5003729
nn 4 140 0.7961985
nn 4 141 -2.1954482
nn 4 142 -3.4786859
nn 4 143 2.0906224
nn 4 144 2.0056882
nn 4 145 3.3909841
nn 4 146 3.8388429
nn 4 147 -1.0164890
nn 4 148 -1.3228519
nn 4 149 -0.7995840
nn 4 150 2.0796824
nn 4 151 -0.9775954
nn 4 152 -0.5089750
nn 4 153 1.0744514
nn 4 154 -2.7047184
nn 4 155 -1.8169311
nn 4 156 0.3651871
nn 4 157 0.0208578
nn 4 158 -0.3999115
nn 4 159 2.5374935
nn 4 160 0.7340728
nn 4 161 6.5030828
nn 4 162 4.1162782
nn 4 163 0.5809686
nn 4 164 -0.0754230
nn 4 165 0.4783365
nn 4 166 -0.3846864
nn 4 167 -2.6484797
nn 4 168 -2.2014298
nn 4 169 -0.1947927
nn 4 170 -1.3329486
nn 4 171 -0.8110591
nn 4 172 0.0432124
ctl 4 0 0.6484134
ctl 4 1 0.5703933
ctl 4 2 0.6505862
ctl 4 3 0.0182265
ctl 4 4 -0.0080227
ctl 4 5 -0.0000745
ctl 4 6 -0.0190442
ctl 4 7 0.0000000
ctl 4 8 -0.1115536
ctl 4 9 0.0000000
ctl 4 10 0.0000000
ctl 4 11 -0.0013274
ctl 4 12 -0.0200588
ctl 4 13 -0.0142754
ctl 4 14 -0.1701675
ctl 4 15 0.0153030
ctl 4 16 -0.1135633
ctl 4 17 -0.0295963
ctl 4 18 -0.0198683
ctl 4 19 -0.0170847
ctl 4 20 -0.0386800
ctl 4 21 -0.0260117
ctl 4 22 0.0017072
ctl 4 23 -0.0075809
ctl 4 24 0.0314235
ctl 4 25 0.0179696
ctl 4 26 -0.0658616
ctl 4 27 0.1209203
ctl 4 28 0.0042482
ctl 4 29 0.0101970
ctl 4 30 0.0042884
ctl 4 31 -0.1305979
ctl 4 32 0.0000000
ctl 4 33 -0.1305979
ctl 4 34 0.0000000
ctl 4 35 0.0000000
ctl 4 36 -0.0839675
ctl 4 37 0.0000000
ctl 4 38 0.0000000
ctl 4 39 0.0000000
ctl 4 40 0.5636935
ctl 4 41 0.7627977
ctl 4 42 0.5585987
ctl 4 43 0.0084157
ctl 4 44 -0.0843021
ctl 4 45 -0.1229863
ctl 4 46 -0.0704817
ctl 4 47 0.0000000
ctl 4 48 -0.0444251
ctl 4 49 0.0000000
ctl 4 50 0.0000000
ctl 4 51 -0.0059140
ctl 4 52 0.0145420
ctl 4 53 -0.0018123
ctl 4 54 0.0197927
ctl 4 55 -0.0575278
ctl 4 56 -0.1184625
ctl 4 57 -0.0899369
ctl 4 58 -0.0714168
ctl 4 59 -0.1160828
ctl 4 60 -0.0023900
ctl 4 61 0.0647149
ctl 4 62 0.0231348
ctl 4 63 0.0200970
ctl 4 64 -0.0972366
ctl 4 65 -0.0077565
ctl 4 66 0.0236952
ctl 4 67 -0.2352363
ctl 4 68 0.0048478
ctl 4 69 0.0199765
ctl 4 70 0.0019503
ctl 4 71 -0.1149059
ctl 4 72 0.0000000
ctl 4 73 -0.1149059
ctl 4 74 0.0000000
ctl 4 75 0.0000000
ctl 4 76 -0.0285261
ctl 4 77 0.0000000
ctl 4 78 0.0000000
ctl 4 79 0.0000000
ctl 4 80 0.6904271
ctl 4 81 0.5589495
ctl 4 82 0.6487571
ctl 4 83 -0.0091963
ctl 4 84 0.3702629
ctl 4 85 0.0747698
ctl 4 86 -0.0587410
ctl 4 87 0.0000000
ctl 4 88 -0.0431193
ctl 4 89 0.0000000
ctl 4 90 0.0000000
ctl 4 91 0.0354770
ctl 4 92 0.0006889
ctl 4 93 0.0125832
ctl 4 94 -0.0283010
ctl 4 95 -0.0205769
ctl 4 96 -0.0932415
ctl 4 97 -0.1314475
ctl 4 98 -0.0440985
ctl 4 99 -0.1033503
ctl 4 100 -0.0644350
ctl 4 101 0.1354140
ctl 4 102 -0.0143657
ctl 4 103 -0.1240625
ctl 4 104 0.1047470
ctl 4 105 -0.0346885
ctl 4 106 -0.0349226
ctl 4 107 0.0456778
ctl 4 108 -0.0120000
ctl 4 109 -0.0375356
ctl 4 110 0.0053466
ctl 4 111 -0.1018606
ctl 4 112 0.0000000
ctl 4 113 -0.1018606
ctl 4 114 0.0000000
ctl 4 115 0.0000000
ctl 4 116 0.0382056
ctl 4 117 0.0000000
ctl 4 118 0.0000000
ctl 4 119 0.0000000
ctl 4 120 -0.0356430
ctl 4 121 -0.0251972
ctl 4 122 -0.0759719
ctl 4 123 -0.1249205
ctl 4 124 0.9035068
ctl 4 125 -0.0982582
ctl 4 126 -0.1135017
ctl 4 127 0.0000000
ctl 4 128 -0.0233105
ctl 4 129 0.0000000
ctl 4 130 0.0000000
ctl 4 131 0.0328816
ctl 4 132 0.0394065
ctl 4 133 0.0105554
ctl 4 134 -0.3268793
ctl 4 135 -0.1104452
ctl 4 136 -0.1217897
ctl 4 137 -0.2027402
ctl 4 138 -0.0961717
ctl 4 139 -0.1894886
ctl 4 140 -0.1574483
ctl 4 141 0.3126309
ctl 4 142 0.0085576
ctl 4 143 -0.1455812
ctl 4 144 0.0478403
ctl 4 145 0.0110638
ctl 4 146 0.0128815
ctl 4 147 -0.1562577
ctl 4 148 -0.0067202
ctl 4 149 -0.0032988
ctl 4 150 0.0134842
ctl 4 151 -0.1368120
ctl 4 152 0.0000000
ctl 4 153 -0.1368120
ctl 4 154 0.0000000
ctl 4 155 0.0000000
ctl 4 156 0.0809502
ctl 4 157 0.0000000
ctl 4 158 0.0000000
ctl 4 159 0.4000000
ctl 4 160 0.0075912
ctl 4 161 0.0028602
ctl 4 162 0.0046026
ctl 4 163 1.9129611
ctl 4 164 -0.2006451
ctl 4 165 0.0151430
ctl 4 166 0.0210502
ctl 4 167 0.0000000
ctl 4 168 -0.0059962
ctl 4 169 0.0000000
ctl 4 170 0.0000000
ctl 4 171 -0.0015700
ctl 4 172 0.0047202
ctl 4 173 -0.0325548
ctl 4 174 0.0765096
ctl 4 175 0.0194855
ctl 4 176 0.0115980
ctl 4 177 0.0336475
ctl 4 178 0.0172807
ctl 4 179 0.0322006
ctl 4 180 0.0315201
ctl 4 181 -0.0725138
ctl 4 182 0.0088214
ctl 4 183 0.0046549
ctl 4 184 -0.0111358
ctl 4 185 -0.0183512
ctl 4 186 -0.0049680
ctl 4 187 0.0326154
ctl 4 188 0.0019211
ctl 4 189 -0.0000999
ctl 4 190 -0.0044549
ctl 4 191 0.0150542
ctl 4 192 0.0000000
ctl 4 193 0.0150542
ctl 4 194 0.0000000
ctl 4 195 0.0000000
ctl 4 196 -0.0220495
ctl 4 197 0.0000000
ctl 4 198 0.0000000
ctl 4 199 0.0000000
ctl 4 200 -0.0742423
ctl 4 201 -0.0064120
ctl 4 202 -0.0785655
ctl 4 203 0.0140464
ctl 4 204 0.3974169
ctl 4 205 -0.0407863
ctl 4 206 0.0031000
ctl 4 207 0.0000000
ctl 4 208 -0.1623193
ctl 4 209 0.0000000
ctl 4 210 0.0000000
ctl 4 211 0.0411549
ctl 4 212 0.0652111
ctl 4 213 0.0101585
ctl 4 214 -0.2209774
ctl 4 215 -0.0759794
ctl 4 216 -0.1466580
ctl 4 217 -0.1020702
ctl 4 218 0.0202317
ctl 4 219 -0.1356143
ctl 4 220 -0.0701552
ctl 4 221 0.1829088
ctl 4 222 -0.0271810
ctl 4 223 -0.0872063
ctl 4 224 -0.0124795
ctl 4 225 -0.0204691
ctl 4 226 -0.0223308
ctl 4 227 -0.1003579
ctl 4 228 -0.0031947
ctl 4 229 0.0063166
ctl 4 230 0.0164861
ctl 4 231 -0.1592195
ctl 4 232 0.0000000
ctl 4 233 -0.1592195
ctl 4 234 0.0000000
ctl 4 235 0.0000000
ctl 4 236 -0.0445882
ctl 4 237 0.0000000
ctl 4 238 0.0000000
ctl 4 239 0.4000000
ctl 4 240 0.0294450
ctl 4 241 -0.1225083
ctl 4 242 0.0414048
ctl 4 243 -0.0196271
ctl 4 244 1.0125052
ctl 4 245 -0.0009975
ctl 4 246 -0.2283298
ctl 4 247 0.0000000
ctl 4 248 0.1766717
ctl 4 249 0.0000000
ctl 4 250 0.0000000
ctl 4 251 -0.0385948
ctl 4 252 -0.0997339
ctl 4 253 -0.0472701
ctl 4 254 0.2649607
ctl 4 255 0.1116043
ctl 4 256 -0.0493957
ctl 4 257 0.0746649
ctl 4 258 -0.2480110
ctl 4 259 0.0377104
ctl 4 260 0.0512778
ctl 4 261 -0.1109889
ctl 4 262 0.0146929
ctl 4 263 0.0685123
ctl 4 264 0.0158752
ctl 4 265 0.0000335
ctl 4 266 -0.0389246
ctl 4 267 0.1029467
ctl 4 268 0.0045899
ctl 4 269 0.0283567
ctl 4 270 0.0035132
ctl 4 271 -0.0516579
ctl 4 272 0.0000000
ctl 4 273 -0.0516579
ctl 4 274 0.0000000
ctl 4 275 0.0000000
ctl 4 276 -0.1240605
ctl 4 277 0.0000000
ctl 4 278 0.0000000
ctl 4 279 0.0000000
ctl 4 280 -0.1002628
ctl 4 281 0.1240858
ctl 4 282 -0.0997988
ctl 4 283 0.0090452
ctl 4 284 0.4619754
ctl 4 285 0.0321313
ctl 4 286 -0.0658650
ctl 4 287 0.0000000
ctl 4 288 -0.0101107
ctl 4 289 0.0000000
ctl 4 290 0.0000000
ctl 4 291 0.0214606
ctl 4 292 0.0541785
ctl 4 293 -0.1468882
ctl 4 294 -0.2448021
ctl 4 295 0.1296576
ctl 4 296 -0.0655116
ctl 4 297 0.0376276
ctl 4 298 -0.0442879
ctl 4 299 0.0195686
ctl 4 300 -0.0496002
ctl 4 301 0.2227076
ctl 4 302 -0.0367664
ctl 4 303 -0.1726738
ctl 4 304 -0.0520802
ctl 4 305 -0.1324105
ctl 4 306 -0.2020134
ctl 4 307 0.3063421
ctl 4 308 0.0046047
ctl 4 309 0.0183044
ctl 4 310 0.0092663
ctl 4 311 -0.0759757
ctl 4 312 0.0000000
ctl 4 313 -0.0759757
ctl 4 314 0.0000000
ctl 4 315 0.0000000
ctl 4 316 -0.1031394
ctl 4 317 0.0000000
ctl 4 318 0.0000000
ctl 4 319 0.4000000
ctl 4 320 0.0647755
ctl 4 321 -0.1904934
ctl 4 322 0.0829098
ctl 4 323 -0.0113380
ctl 4 324 0.2062995
ctl 4 325 0.7145450
ctl 4 326 0.0710575
ctl 4 327 0.0000000
ctl 4 328 -0.1138651
ctl 4 329 0.0000000
ctl 4 330 0.0000000
ctl 4 331 0.0393479
ctl 4 332 0.0828551
ctl 4 333 0.1002705
ctl 4 334 0.0717247
ctl 4 335 -0.2828045
ctl 4 336 -0.0495671
ctl 4 337 -0.0642943
ctl 4 338 0.0622970
ctl 4 339 0.0053339
ctl 4 340 0.0461512
ctl 4 341 0.0266335
ctl 4 342 0.0468998
ctl 4 343 0.1121925
ctl 4 344 -0.0251823
ctl 4 345 -0.0678786
ctl 4 346 -0.0584644
ctl 4 347 -0.6665937
ctl 4 348 -0.0120000
ctl 4 349 -0.0513223
ctl 4 350 0.0020434
ctl 4 351 -0.0428081
ctl 4 352 0.0000000
ctl 4 353 -0.0428081
ctl 4 354 0.0000000
ctl 4 355 0.0000000
ctl 4 356 0.0147274
ctl 4 357 0.0000000
ctl 4 358 0.0000000
ctl 4 359 0.0000000
ctl 4 360 -0.0243276
ctl 4 361 -0.0345125
ctl 4 362 -0.0504731
ctl 4 363 0.0120682
ctl 4 364 -0.1182742
ctl 4 365 -0.0122674
ctl 4 366 1.3965952
ctl 4 367 0.0000000
ctl 4 368 0.4940895
ctl 4 369 0.0000000
ctl 4 370 0.0000000
ctl 4 371 0.0000044
ctl 4 372 0.0274014
ctl 4 373 -0.0063719
ctl 4 374 -0.0954184
ctl 4 375 0.0088111
ctl 4 376 -0.1133152
ctl 4 377 -0.1003734
ctl 4 378 -0.5734025
ctl 4 379 -0.0641003
ctl 4 380 -0.0542309
ctl 4 381 0.0563972
ctl 4 382 0.0243171
ctl 4 383 -0.0588474
ctl 4 384 0.0138793
ctl 4 385 -0.0241414
ctl 4 386 -0.0294118
ctl 4 387 -0.0464960
ctl 4 388 -0.0028298
ctl 4 389 -0.0010934
ctl 4 390 0.0247643
ctl 4 391 -0.1093128
ctl 4 392 0.0000000
ctl 4 393 -0.1093128
ctl 4 394 0.0000000
ctl 4 395 0.0000000
ctl 4 396 -0.0129421
ctl 4 397 0.0000000
ctl 4 398 0.0000000
ctl 4 399 0.0000000
ctl 4 400 0.0032984
ctl 4 401 0.0056336
ctl 4 402 0.0069302
ctl 4 403 0.0009338
ctl 4 404 -0.2101851
ctl 4 405 0.0204248
ctl 4 406 0.0258952
ctl 4 407 2.0000000
ctl 4 408 -0.0100330
ctl 4 409 0.0000000
ctl 4 410 0.0000000
ctl 4 411 -0.0092550
ctl 4 412 0.0104564
ctl 4 413 -0.0009767
ctl 4 414 0.0680617
ctl 4 415 0.0254417
ctl 4 416 0.0129655
ctl 4 417 0.0235984
ctl 4 418 0.0222960
ctl 4 419 0.0374852
ctl 4 420 0.0350642
ctl 4 421 -0.0559785
ctl 4 422 0.0001193
ctl 4 423 0.0233207
ctl 4 424 -0.0123059
ctl 4 425 0.0106973
ctl 4 426 -0.0106986
ctl 4 427 0.0304325
ctl 4 428 0.0013623
ctl 4 429 0.0005463
ctl 4 430 -0.0056107
ctl 4 431 0.0158622
ctl 4 432 0.0000000
ctl 4 433 0.0158622
ctl 4 434 0.0000000
ctl 4 435 0.0000000
ctl 4 436 -0.0106330
ctl 4 437 0.0000000
ctl 4 438 0.0000000
ctl 4 439 0.0000000
ctl 4 440 -0.0900510
ctl 4 441 -0.0835073
ctl 4 442 -0.0889204
ctl 4 443 -0.0014443
ctl 4 444 0.7202397
ctl 4 445 -0.0559236
ctl 4 446 0.4153029
ctl 4 447 0.0000000
ctl 4 448 1.3222072
ctl 4 449 0.0000000
ctl 4 450 0.0000000
ctl 4 451 0.0479173
ctl 4 452 -0.0339023
ctl 4 453 -0.0009630
ctl 4 454 -0.2003891
ctl 4 455 -0.1080438
ctl 4 456 -0.2308850
ctl 4 457 -0.1814709
ctl 4 458 0.3905745
ctl 4 459 -0.2282245
ctl 4 460 -0.1096391
ctl 4 461 0.1518574
ctl 4 462 -0.0267198
ctl 4 463 -0.0676517
ctl 4 464 0.0226216
ctl 4 465 -0.0258810
ctl 4 466 -0.0529369
ctl 4 467 -0.0708467
ctl 4 468 -0.0019937
ctl 4 469 -0.0075442
ctl 4 470 -0.0070783
ctl 4 471 -0.2624797
ctl 4 472 0.0000000
ctl 4 473 -0.2624797
ctl 4 474 0.0000000
ctl 4 475 0.0000000
ctl 4 476 -0.0494148
ctl 4 477 0.0000000
ctl 4 478 0.0000000
ctl 4 479 0.0000000
ctl 4 480 0.0032984
ctl 4 481 0.0056336
ctl 4 482 0.0069302
ctl 4 483 0.0009338
ctl 4 484 -0.2101851
ctl 4 485 0.0204248
ctl 4 486 0.0258952
ctl 4 487 0.0000000
ctl 4 488 -0.0100330
ctl 4 489 2.0000000
ctl 4 490 0.0000000
ctl 4 491 -0.0092550
ctl 4 492 0.0104564
ctl 4 493 -0.0009767
ctl 4 494 0.0680617
ctl 4 495 0.0254417
ctl 4 496 0.0129655
ctl 4 497 0.0235984
ctl 4 498 0.0222960
ctl 4 499 0.0374852
ctl 4 500 0.0350642
ctl 4 501 -0.0559785
ctl 4 502 0.0001193
ctl 4 503 0.0233207
ctl 4 504 -0.0123059
ctl 4 505 0.0106973
ctl 4 506 -0.0106986
ctl 4 507 0.0304325
ctl 4 508 0.0013623
ctl 4 509 0.0005463
ctl 4 510 -0.0056107
ctl 4 511 0.0158622
ctl 4 512 0.0000000
ctl 4 513 0.0158622
ctl 4 514 0.0000000
ctl 4 515 0.0000000
ctl 4 516 -0.0106330
ctl 4 517 0.0000000
ctl 4 518 0.0000000
ctl 4 519 0.0000000
ctl 4 520 0.0032984
ctl 4 521 0.0056336
ctl 4 522 0.0069302
ctl 4 523 0.0009338
ctl 4 524 -0.2101851
ctl 4 525 0.0204248
ctl 4 526 0.0258952
ctl 4 527 0.0000000
ctl 4 528 -0.0100330
ctl 4 529 0.0000000
ctl 4 530 2.0000000
ctl 4 531 -0.0092550
ctl 4 532 0.0104564
ctl 4 533 -0.0009767
ctl 4 534 0.0680617
ctl 4 535 0.0254417
ctl 4 536 0.0129655
ctl 4 537 0.0235984
ctl 4 538 0.0222960
ctl 4 539 0.0374852
ctl 4 540 0.0350642
ctl 4 541 -0.0559785
ctl 4 542 0.0001193
ctl 4 543 0.0233207
ctl 4 544 -0.0123059
ctl 4 545 0.0106973
ctl 4 546 -0.0106986
ctl 4 547 0.0304325
ctl 4 548 0.0013623
ctl 4 549 0.0005463
ctl 4 550 -0.0056107
ctl 4 551 0.0158622
ctl 4 552 0.0000000
ctl 4 553 0.0158622
ctl 4 554 0.0000000
ctl 4 555 0.0000000
ctl 4 556 -0.0106330
ctl 4 557 0.0000000
ctl 4 558 0.0000000
ctl 4 559 0.0000000
ctl 4 560 0.0872784
ctl 4 561 -0.0252133
ctl 4 562 -0.0487829
ctl 4 563 -0.0066678
ctl 4 564 0.0143116
ctl 4 565 -0.1293304
ctl 4 566 -0.0755602
ctl 4 567 0.0000000
ctl 4 568 0.0888425
ctl 4 569 0.0000000
ctl 4 570 0.0000000
ctl 4 571 0.9415568
ctl 4 572 0.0172088
ctl 4 573 0.0068173
ctl 4 574 0.0028402
ctl 4 575 -0.0148704
ctl 4 576 0.0174299
ctl 4 577 -0.0187552
ctl 4 578 -0.0758410
ctl 4 579 0.0764176
ctl 4 580 0.2065206
ctl 4 581 0.0184235
ctl 4 582 -0.0252987
ctl 4 583 -0.0226795
ctl 4 584 -0.0069459
ctl 4 585 -0.0378839
ctl 4 586 -0.0874912
ctl 4 587 -0.0509097
ctl 4 588 -0.0002319
ctl 4 589 0.0021525
ctl 4 590 -0.0022381
ctl 4 591 0.0132824
ctl 4 592 0.0000000
ctl 4 593 0.0132824
ctl 4 594 0.0000000
ctl 4 595 0.0000000
ctl 4 596 0.0361850
ctl 4 597 0.0000000
ctl 4 598 0.0000000
ctl 4 599 0.0000000
ctl 4 600 0.0051939
ctl 4 601 -0.0108549
ctl 4 602 -0.0026566
ctl 4 603 -0.0083988
ctl 4 604 0.0553930
ctl 4 605 -0.0832122
ctl 4 606 0.0127071
ctl 4 607 0.0000000
ctl 4 608 -0.0210244
ctl 4 609 0.0000000
ctl 4 610 0.0000000
ctl 4 611 0.0110579
ctl 4 612 0.6376498
ctl 4 613 -0.0580564
ctl 4 614 0.0030706
ctl 4 615 0.0196033
ctl 4 616 -0.0036682
ctl 4 617 0.0089281
ctl 4 618 0.0076243
ctl 4 619 -0.0268413
ctl 4 620 0.0022267
ctl 4 621 0.1839541
ctl 4 622 0.0045976
ctl 4 623 -0.1073478
ctl 4 624 -0.0153075
ctl 4 625 0.0086255
ctl 4 626 0.0189411
ctl 4 627 -0.0820235
ctl 4 628 0.0018679
ctl 4 629 0.0057549
ctl 4 630 -0.0002119
ctl 4 631 -0.0083173
ctl 4 632 0.0000000
ctl 4 633 -0.0083173
ctl 4 634 0.0000000
ctl 4 635 0.0000000
ctl 4 636 -0.0125962
ctl 4 637 0.0000000
ctl 4 638 0.0000000
ctl 4 639 0.0000000
ctl 4 640 -0.1305979
ctl 4 641 -0.1149059
ctl 4 642 -0.1018606
ctl 4 643 0.2631868
ctl 4 644 0.0150542
ctl 4 645 0.2407797
ctl 4 646 -0.0516579
ctl 4 647 0.3240233
ctl 4 648 -0.0428081
ctl 4 649 -0.1093128
ctl 4 650 0.0158622
ctl 4 651 -0.2624797
ctl 4 652 0.0158622
ctl 4 653 0.0158622
ctl 4 654 0.0132824
ctl 4 655 -0.0083173
bot 5 0.300305 0.250026 0.123666 0.147718 0.178285
nn 5 0 3.1269689
nn 5 1 -3.5909340
nn 5 2 2.0897193
nn 5 3 1.7194825
nn 5 4 -0.4570461
nn 5 5 0.4700840
nn 5 6 4.1093531
nn 5 7 -0.5044463
nn 5 8 0.7153513
nn 5 9 -4.4104176
nn 5 10 1.9346400
nn 5 11 0.5798928
nn 5 12 -0.9590358
nn 5 13 0.3795489
nn 5 14 0.1098886
nn 5 15 -1.6719452
nn 5 16 -0.0290961
nn 5 17 0.2672358
nn 5 18 -2.9150367
nn 5 19 0.3675307
nn 5 20 0.5256784
nn 5 21 0.0453495
nn 5 22 -0.6185564
nn 5 23 0.7434202
nn 5 24 3.2130218
nn 5 25 7.3861504
nn 5 26 -7.4652152
nn 5 27 -3.1827080
nn 5 28 3.3866923
nn 5 29 1.6954159
nn 5 30 1.3771020
nn 5 31 2.5173864
nn 5 32 -7.0709901
nn 5 33 1.4534427
nn 5 34 -4.5802975
nn 5 35 0.4770546
nn 5 36 5.5137658
nn 5 37 4.0602493
nn 5 38 -5.2760262
nn 5 39 -3.3390770
nn 5 40 3.0279171
nn 5 41 2.5148449
nn 5 42 2.5069017
nn 5 43 2.4557908
nn 5 44 -5.7780466
nn 5 45 -2.8005166
nn 5 46 -3.2718782
nn 5 47 1.8113067
nn 5 48 4.9424062
nn 5 49 2.4438307
nn 5 50 -4.1985464
nn 5 51 -1.2728163
nn 5 52 2.9003975
nn 5 53 3.2130575
nn 5 54 1.0634403
nn 5 55 2.9356122
nn 5 56 -4.6499310
nn 5 57 -0.4526469
nn 5 58 -4.4269147
nn 5 59 1.1936876
nn 5 60 -2.5569825
nn 5 61 3.1109326
nn 5 62 -4.5282969
nn 5 63 -3.1007926
nn 5 64 0.4627499
nn 5 65 3.1588717
nn 5 66 1.8665893
nn 5 67 3.0053322
nn 5 68 0.0574270
nn 5 69 -6.3351569
nn 5 70 -1.8543668
nn 5 71 2.6481953
nn 5 72 0.7872682
nn 5 73 0.9714528
nn 5 74 1.2034217
nn 5 75 0.2442875
nn 5 76 -0.8095955
nn 5 77 -0.3762876
nn 5 78 0.2715828
nn 5 79 -0.2714794
nn 5 80 -0.2388253
nn 5 81 0.9015033
nn 5 82 0.6965626
nn 5 83 -0.2868415
nn 5 84 4.5307627
nn 5 85 -3.4211223
nn 5 86 -8.2969618
nn 5 87 -6.7897787
nn 5 88 0.3752645
nn 5 89 -1.8341656
nn 5 90 0.5586553
nn 5 91 2.1523187
nn 5 92 -2.5545368
nn 5 93 -5.0014586
nn 5 94 -2.6048243
nn 5 95 1.3771056
nn 5 96 5.4506869
nn 5 97 4.1437564
nn 5 98 -5.3521919
nn 5 99 -3.3668017
nn 5 100 2.9365420
nn 5 101 2.5231183
nn 5 102 2.4030371
nn 5 103 2.5236347
nn 5 104 -5.7745323
nn 5 105 -2.8360882
nn 5 106 -3.3852184
nn 5 107 1.8631363
nn 5 108 1.1582515
nn 5 109 -0.1487705
nn 5 110 -0.3889294
nn 5 111 0.0616195
nn 5 112 1.8998497
nn 5 113 -1.1389670
nn 5 114 -0.1717991
nn 5 115 0.7618935
nn 5 116 0.3361100
nn 5 117 -0.6267045
nn 5 118 0.7560275
nn 5 119 -2.6745238
nn 5 120 0.2301563
nn 5 121 0.3172802
nn 5 122 -0.8743916
nn 5 123 2.8151095
nn 5 124 -0.7558012
nn 5 125 -2.0431695
nn 5 126 -2.4870243
nn 5 127 -0.7631089
nn 5 128 2.5659235
nn 5 129 -1.4390192
nn 5 130 -0.1992029
nn 5 131 0.0929122
nn 5 132 -0.3719999
nn 5 133 0.5890172
nn 5 134 0.8487688
nn 5 135 1.0301880
nn 5 136 -0.4006609
nn 5 137 0.4981157
nn 5 138 -1.3146147
nn 5 139 -0.1669666
nn 5 140 1.0899187
nn 5 141 3.6908033
nn 5 142 2.3964412
nn 5 143 1.1968604
nn 5 144 1.0696256
nn 5 145 -0.4885928
nn 5 146 -1.8947442
nn 5 147 -1.0478356
nn 5 148 0.5150275
nn 5 149 -1.1465704
nn 5 150 -0.3274703
nn 5 151 -0.7865038
nn 5 152 0.5154008
nn 5 153 -0.9674170
nn 5 154 3.5151660
nn 5 155 0.4024169
nn 5 156 -1.6119375
nn 5 157 -0.6143165
nn 5 158 -1.3055890
nn 5 159 -0.4653040
nn 5 160 2.5003724
nn 5 161 2.8399067
nn 5 162 0.9066862
nn 5 163 0.5229491
nn 5 164 -0.8759726
nn 5 165 0.0771948
nn 5 166 -1.6798328
nn 5 167 -2.0858803
nn 5 168 -0.9832854
nn 5 169 -0.1683981
nn 5 170 -0.4116850
nn 5 171 -1.2240659
nn 5 172 -0.8158316
ctl 5 0 0.7337012
ctl 5 1 0.5116788
ctl 5 2 0.6619880
ctl 5 3 -0.0183915
ctl 5 4 0.2858758
ctl 5 5 0.0255311
ctl 5 6 -0.0726089
ctl 5 7 0.0000000
ctl 5 8 -0.0200170
ctl 5 9 0.0000000
ctl 5 10 0.0000000
ctl 5 11 -0.0599828
ctl 5 12 -0.0225262
ctl 5 13 0.0216169
ctl 5 14 -0.0634433
ctl 5 15 -0.0296459
ctl 5 16 -0.0799346
ctl 5 17 -0.0797175
ctl 5 18 -0.0745077
ctl 5 19 -0.0709064
ctl 5 20 0.0882838
ctl 5 21 0.0750005
ctl 5 22 0.1019638
ctl 5 23 -0.0413963
ctl 5 24 0.0036881
ctl 5 25 0.0741372
ctl 5 26 -0.0102352
ctl 5 27 0.0353290
ctl 5 28 0.0021822
ctl 5 29 -0.0276563
ctl 5 30 0.0039401
ctl 5 31 -0.0926258
ctl 5 32 0.0000000
ctl 5 33 -0.0926258
ctl 5 34 0.0000000
ctl 5 35 0.0000000
ctl 5 36 -0.0002173
ctl 5 37 0.0000000
ctl 5 38 0.0000000
ctl 5 39 0.0018988
ctl 5 40 0.4890204
ctl 5 41 0.8729355
ctl 5 42 0.5209986
ctl 5 43 0.0313308
ctl 5 44 -0.0708357
ctl 5 45 -0.0832535
ctl 5 46 -0.0943093
ctl 5 47 0.0000000
ctl 5 48 -0.0227321
ctl 5 49 0.0000000
ctl 5 50 0.0000000
ctl 5 51 0.0115977
ctl 5 52 0.0335280
ctl 5 53 -0.0123075
ctl 5 54 -0.0116074
ctl 5 55 -0.0191380
ctl 5 56 -0.1237552
ctl 5 57 -0.1246759
ctl 5 58 -0.0883093
ctl 5 59 -0.0993989
ctl 5 60 0.0044227
ctl 5 61 0.0436174
ctl 5 62 -0.0055529
ctl 5 63 -0.0327938
ctl 5 64 -0.0792732
ctl 5 65 -0.0209636
ctl 5 66 -0.0179375
ctl 5 67 -0.2015994
ctl 5 68 -0.0013432
ctl 5 69 0.0017962
ctl 5 70 -0.0120000
ctl 5 71 -0.1170408
ctl 5 72 0.0000000
ctl 5 73 -0.1170408
ctl 5 74 0.0000000
ctl 5 75 0.0000000
ctl 5 76 0.0009203
ctl 5 77 0.0000000
ctl 5 78 0.0000000
ctl 5 79 -0.0060000
ctl 5 80 0.6136369
ctl 5 81 0.5056917
ctl 5 82 0.7458615
ctl 5 83 -0.0118985
ctl 5 84 0.0077142
ctl 5 85 0.0207284
ctl 5 86 0.0257806
ctl 5 87 0.0000000
ctl 5 88 -0.1605809
ctl 5 89 0.0000000
ctl 5 90 0.0000000
ctl 5 91 0.0577318
ctl 5 92 -0.0170599
ctl 5 93 -0.0287074
ctl 5 94 -0.1194045
ctl 5 95 0.0090393
ctl 5 96 -0.1245428
ctl 5 97 -0.0651640
ctl 5 98 0.0241643
ctl 5 99 -0.0404707
ctl 5 100 0.0184961
ctl 5 101 0.0116378
ctl 5 102 -0.0848834
ctl 5 103 -0.0501783
ctl 5 104 0.0739886
ctl 5 105 -0.0310334
ctl 5 106 -0.0786185
ctl 5 107 0.0828640
ctl 5 108 0.0002632
ctl 5 109 0.0151774
ctl 5 110 0.0065361
ctl 5 111 -0.1348006
ctl 5 112 0.0000000
ctl 5 113 -0.1348006
ctl 5 114 0.0000000
ctl 5 115 0.0000000
ctl 5 116 -0.0593792
ctl 5 117 0.0000000
ctl 5 118 0.0000000
ctl 5 119 0.0016163
ctl 5 120 -0.0698868
ctl 5 121 -0.0469254
ctl 5 122 -0.0268721
ctl 5 123 -0.0672677
ctl 5 124 0.7913503
ctl 5 125 -0.1168240
ctl 5 126 -0.1115774
ctl 5 127 0.0000000
ctl 5 128 -0.0321071
ctl 5 129 0.0000000
ctl 5 130 0.0000000
ctl 5 131 -0.0042207
ctl 5 132 -0.0232360
ctl 5 133 0.0046065
ctl 5 134 -0.3513471
ctl 5 135 -0.0858883
ctl 5 136 -0.1368681
ctl 5 137 -0.2376155
ctl 5 138 -0.1055774
ctl 5 139 -0.1780262
ctl 5 140 0.1492533
ctl 5 141 0.2225496
ctl 5 142 0.0122406
ctl 5 143 -0.1021582
ctl 5 144 -0.0289821
ctl 5 145 0.1492758
ctl 5 146 0.0210683
ctl 5 147 -0.1663488
ctl 5 148 0.0121456
ctl 5 149 -0.0247020
ctl 5 150 -0.0026150
ctl 5 151 -0.1436840
ctl 5 152 0.0000000
ctl 5 153 -0.1436840
ctl 5 154 0.0000000
ctl 5 155 0.0000000
ctl 5 156 0.1007468
ctl 5 157 0.0000000
ctl 5 158 0.0000000
ctl 5 159 0.3940000
ctl 5 160 -0.0085567
ctl 5 161 0.0356256
ctl 5 162 -0.0088526
ctl 5 163 1.8772726
ctl 5 164 -0.1560538
ctl 5 165 0.0309959
ctl 5 166 0.0157322
ctl 5 167 0.0000000
ctl 5 168 0.0024842
ctl 5 169 0.0000000
ctl 5 170 0.0000000
ctl 5 171 -0.0264882
ctl 5 172 0.0026673
ctl 5 173 -0.0639440
ctl 5 174 0.0837766
ctl 5 175 0.0182164
ctl 5 176 0.0165665
ctl 5 177 0.0340746
ctl 5 178 0.0141752
ctl 5 179 0.0542694
ctl 5 180 -0.0510352
ctl 5 181 -0.0465588
ctl 5 182 -0.0051748
ctl 5 183 -0.0476454
ctl 5 184 0.0168995
ctl 5 185 -0.0126157
ctl 5 186 -0.0230139
ctl 5 187 0.0190210
ctl 5 188 -0.0033815
ctl 5 189 0.0057225
ctl 5 190 0.0008127
ctl 5 191 0.0182164
ctl 5 192 0.0000000
ctl 5 193 0.0182164
ctl 5 194 0.0000000
ctl 5 195 0.0000000
ctl 5 196 -0.0175083
ctl 5 197 0.0000000
ctl 5 198 0.0000000
ctl 5 199 0.0015570
ctl 5 200 -0.0823061
ctl 5 201 -0.0254783
ctl 5 202 -0.0680947
ctl 5 203 -0.0048899
ctl 5 204 0.3937542
ctl 5 205 -0.0052304
ctl 5 206 0.0124083
ctl 5 207 0.0000000
ctl 5 208 -0.1882874
ctl 5 209 0.0000000
ctl 5 210 0.0000000
ctl 5 211 0.0039861
ctl 5 212 0.0751459
ctl 5 213 0.0786029
ctl 5 214 -0.2633339
ctl 5 215 -0.0485274
ctl 5 216 -0.1706797
ctl 5 217 -0.1885528
ctl 5 218 0.0138639
ctl 5 219 -0.1432613
ctl 5 220 0.0708661
ctl 5 221 0.1292817
ctl 5 222 -0.0032936
ctl 5 223 -0.0680612
ctl 5 224 -0.0195256
ctl 5 225 0.0103470
ctl 5 226 -0.0370238
ctl 5 227 -0.1141529
ctl 5 228 0.0136649
ctl 5 229 -0.0143424
ctl 5 230 -0.0011365
ctl 5 231 -0.1758792
ctl 5 232 0.0000000
ctl 5 233 -0.1758792
ctl 5 234 0.0000000
ctl 5 235 0.0000000
ctl 5 236 0.0178732
ctl 5 237 0.0000000
ctl 5 238 0.0000000
ctl 5 239 0.3985444
ctl 5 240 0.0509053
ctl 5 241 -0.1083579
ctl 5 242 0.0181148
ctl 5 243 -0.0031291
ctl 5 244 1.0684974
ctl 5 245 -0.0970939
ctl 5 246 -0.2328319
ctl 5 247 0.0000000
ctl 5 248 0.1934945
ctl 5 249 0.0000000
ctl 5 250 0.0000000
ctl 5 251 -0.0455895
ctl 5 252 -0.1507948
ctl 5 253 -0.1394848
ctl 5 254 0.2906824
ctl 5 255 0.0903971
ctl 5 256 -0.0321834
ctl 5 257 0.1190316
ctl 5 258 -0.2268320
ctl 5 259 0.0917376
ctl 5 260 -0.0457406
ctl 5 261 -0.0593194
ctl 5 262 0.0350967
ctl 5 263 0.0304915
ctl 5 264 0.0266319
ctl 5 265 -0.0077779
ctl 5 266 -0.0874027
ctl 5 267 0.1245009
ctl 5 268 0.0023028
ctl 5 269 0.0255737
ctl 5 270 0.0013896
ctl 5 271 -0.0393373
ctl 5 272 0.0000000
ctl 5 273 -0.0393373
ctl 5 274 0.0000000
ctl 5 275 0.0000000
ctl 5 276 -0.1512151
ctl 5 277 0.0000000
ctl 5 278 0.0000000
ctl 5 279 -0.0060000
ctl 5 280 -0.1418446
ctl 5 281 0.1103390
ctl 5 282 -0.0553233
ctl 5 283 0.0053746
ctl 5 284 0.4990796
ctl 5 285 0.0756921
ctl 5 286 -0.0499162
ctl 5 287 0.0000000
ctl 5 288 -0.0369126
ctl 5 289 0.0000000
ctl 5 290 0.0000000
ctl 5 291 -0.0487747
ctl 5 292 0.0729995
ctl 5 293 -0.0453069
ctl 5 294 -0.3083946
ctl 5 295 0.1070638
ctl 5 296 -0.0745675
ctl 5 297 -0.0530147
ctl 5 298 -0.0439163
ctl 5 299 -0.0403344
ctl 5 300 0.0636198
ctl 5 301 0.1564842
ctl 5 302 -0.0394453
ctl 5 303 -0.1243203
ctl 5 304 0.0057843
ctl 5 305 -0.1033048
ctl 5 306 -0.1258772
ctl 5 307 0.2131532
ctl 5 308 0.0045916
ctl 5 309 0.0197560
ctl 5 310 0.0063044
ctl 5 311 -0.0868287
ctl 5 312 0.0000000
ctl 5 313 -0.0868287
ctl 5 314 0.0000000
ctl 5 315 0.0000000
ctl 5 316 -0.0215530
ctl 5 317 0.0000000
ctl 5 318 0.0000000
ctl 5 319 0.3940000
ctl 5 320 0.1011244
ctl 5 321 -0.1573592
ctl 5 322 0.0266830
ctl 5 323 -0.0263236
ctl 5 324 0.0762948
ctl 5 325 0.7816137
ctl 5 326 0.0357429
ctl 5 327 0.0000000
ctl 5 328 -0.0652942
ctl 5 329 0.0000000
ctl 5 330 0.0000000
ctl 5 331 -0.0206358
ctl 5 332 0.1021136
ctl 5 333 -0.0024422
ctl 5 334 0.1305152
ctl 5 335 -0.2452455
ctl 5 336 -0.0419569
ctl 5 337 0.0214347
ctl 5 338 0.0337061
ctl 5 339 0.0828669
ctl 5 340 -0.1142286
ctl 5 341 0.0423696
ctl 5 342 0.0522560
ctl 5 343 0.0076424
ctl 5 344 -0.1437763
ctl 5 345 -0.0144908
ctl 5 346 -0.1208551
ctl 5 347 -0.5868290
ctl 5 348 -0.0076104
ctl 5 349 -0.0480000
ctl 5 350 -0.0108692
ctl 5 351 -0.0295519
ctl 5 352 0.0000000
ctl 5 353 -0.0295519
ctl 5 354 0.0000000
ctl 5 355 0.0000000
ctl 5 356 -0.0633912
ctl 5 357 0.0000000
ctl 5 358 0.0000000
ctl 5 359 0.0020368
ctl 5 360 -0.0330116
ctl 5 361 -0.0396391
ctl 5 362 -0.0376868
ctl 5 363 -0.0132818
ctl 5 364 -0.1077482
ctl 5 365 0.0113751
ctl 5 366 1.3902718
ctl 5 367 0.0000000
ctl 5 368 0.4993893
ctl 5 369 0.0000000
ctl 5 370 0.0000000
ctl 5 371 0.0008299
ctl 5 372 0.0396860
ctl 5 373 0.0266853
ctl 5 374 -0.1459958
ctl 5 375 0.0164255
ctl 5 376 -0.1173719
ctl 5 377 -0.0923707
ctl 5 378 -0.6037256
ctl 5 379 -0.0819054
ctl 5 380 0.0542779
ctl 5 381 0.0224795
ctl 5 382 -0.0002004
ctl 5 383 -0.0462601
ctl 5 384 -0.0224053
ctl 5 385 -0.0266602
ctl 5 386 -0.0381528
ctl 5 387 -0.0353545
ctl 5 388 -0.0008212
ctl 5 389 -0.0123557
ctl 5 390 -0.0013383
ctl 5 391 -0.1103372
ctl 5 392 0.0000000
ctl 5 393 -0.1103372
ctl 5 394 0.0000000
ctl 5 395 0.0000000
ctl 5 396 -0.0250014
ctl 5 397 0.0000000
ctl 5 398 0.0000000
ctl 5 399 -0.0060000
ctl 5 400 0.0128300
ctl 5 401 0.0028349
ctl 5 402 0.0007499
ctl 5 403 -0.0022727
ctl 5 404 -0.1999411
ctl 5 405 0.0311383
ctl 5 406 0.0236556
ctl 5 407 2.0000000
ctl 5 408 -0.0072408
ctl 5 409 0.0000000
ctl 5 410 0.0000000
ctl 5 411 0.0103785
ctl 5 412 0.0168696
ctl 5 413 0.0093987
ctl 5 414 0.0669376
ctl 5 415 0.0227041
ctl 5 416 0.0152990
ctl 5 417 0.0403992
ctl 5 418 0.0221173
ctl 5 419 0.0221420
ctl 5 420 -0.0224124
ctl 5 421 -0.0447212
ctl 5 422 -0.0047102
ctl 5 423 0.0402449
ctl 5 424 -0.0019164
ctl 5 425 -0.0241028
ctl 5 426 -0.0061950
ctl 5 427 0.0392884
ctl 5 428 -0.0028472
ctl 5 429 0.0061695
ctl 5 430 0.0005264
ctl 5 431 0.0164149
ctl 5 432 0.0000000
ctl 5 433 0.0164149
ctl 5 434 0.0000000
ctl 5 435 0.0000000
ctl 5 436 -0.0251002
ctl 5 437 0.0000000
ctl 5 438 0.0000000
ctl 5 439 0.0015382
ctl 5 440 -0.1178146
ctl 5 441 -0.0671932
ctl 5 442 -0.0734746
ctl 5 443 0.0279420
ctl 5 444 0.6388560
ctl 5 445 -0.1051123
ctl 5 446 0.4291847
ctl 5 447 0.0000000
ctl 5 448 1.3123201
ctl 5 449 0.0000000
ctl 5 450 0.0000000
ctl 5 451 -0.0296164
ctl 5 452 -0.0807344
ctl 5 453 -0.0600482
ctl 5 454 -0.1501899
ctl 5 455 -0.0977706
ctl 5 456 -0.2336341
ctl 5 457 -0.2310790
ctl 5 458 0.4263557
ctl 5 459 -0.1675540
ctl 5 460 0.0929277
ctl 5 461 0.1483767
ctl 5 462 0.0247851
ctl 5 463 -0.1241449
ctl 5 464 0.0254850
ctl 5 465 0.0876966
ctl 5 466 -0.0654101
ctl 5 467 -0.1142776
ctl 5 468 0.0079293
ctl 5 469 -0.0051401
ctl 5 470 -0.0002065
ctl 5 471 -0.2584834
ctl 5 472 0.0000000
ctl 5 473 -0.2584834
ctl 5 474 0.0000000
ctl 5 475 0.0000000
ctl 5 476 -0.0025550
ctl 5 477 0.0000000
ctl 5 478 0.0000000
ctl 5 479 0.0028291
ctl 5 480 0.0128300
ctl 5 481 0.0028349
ctl 5 482 0.0007499
ctl 5 483 -0.0022727
ctl 5 484 -0.1999411
ctl 5 485 0.0311383
ctl 5 486 0.0236556
ctl 5 487 0.0000000
ctl 5 488 -0.0072408
ctl 5 489 2.0000000
ctl 5 490 0.0000000
ctl 5 491 0.0103785
ctl 5 492 0.0168696
ctl 5 493 0.0093987
ctl 5 494 0.0669376
ctl 5 495 0.0227041
ctl 5 496 0.0152990
ctl 5 497 0.0403992
ctl 5 498 0.0221173
ctl 5 499 0.0221420
ctl 5 500 -0.0224124
ctl 5 501 -0.0447212
ctl 5 502 -0.0047102
ctl 5 503 0.0402449
ctl 5 504 -0.0019164
ctl 5 505 -0.0241028
ctl 5 506 -0.0061950
ctl 5 507 0.0392884
ctl 5 508 -0.0028472
ctl 5 509 0.0061695
ctl 5 510 0.0005264
ctl 5 511 0.0164149
ctl 5 512 0.0000000
ctl 5 513 0.0164149
ctl 5 514 0.0000000
ctl 5 515 0.0000000
ctl 5 516 -0.0251002
ctl 5 517 0.0000000
ctl 5 518 0.0000000
ctl 5 519 0.0015382
ctl 5 520 0.0128300
ctl 5 521 0.0028349
ctl 5 522 0.0007499
ctl 5 523 -0.0022727
ctl 5 524 -0.1999411
ctl 5 525 0.0311383
ctl 5 526 0.0236556
ctl 5 527 0.0000000
ctl 5 528 -0.0072408
ctl 5 529 0.0000000
ctl 5 530 2.0000000
ctl 5 531 0.0103785
ctl 5 532 0.0168696
ctl 5 533 0.0093987
ctl 5 534 0.0669376
ctl 5 535 0.0227041
ctl 5 536 0.0152990
ctl 5 537 0.0403992
ctl 5 538 0.0221173
ctl 5 539 0.0221420
ctl 5 540 -0.0224124
ctl 5 541 -0.0447212
ctl 5 542 -0.0047102
ctl 5 543 0.0402449
ctl 5 544 -0.0019164
ctl 5 545 -0.0241028
ctl 5 546 -0.0061950
ctl 5 547 0.0392884
ctl 5 548 -0.0028472
ctl 5 549 0.0061695
ctl 5 550 0.0005264
ctl 5 551 0.0164149
ctl 5 552 0.0000000
ctl 5 553 0.0164149
ctl 5 554 0.0000000
ctl 5 555 0.0000000
ctl 5 556 -0.0251002
ctl 5 557 0.0000000
ctl 5 558 0.0000000
ctl 5 559 0.0015382
ctl 5 560 0.0496378
ctl 5 561 0.0314741
ctl 5 562 -0.0909712
ctl 5 563 0.0075350
ctl 5 564 0.0147559
ctl 5 565 0.0937509
ctl 5 566 0.0418606
ctl 5 567 0.0000000
ctl 5 568 -0.0517196
ctl 5 569 0.0000000
ctl 5 570 0.0000000
ctl 5 571 0.9036827
ctl 5 572 -0.0271058
ctl 5 573 -0.0005823
ctl 5 574 -0.0005816
ctl 5 575 0.0046236
ctl 5 576 -0.0118352
ctl 5 577 0.0324128
ctl 5 578 0.0413940
ctl 5 579 -0.0867186
ctl 5 580 0.2255480
ctl 5 581 -0.0215367
ctl 5 582 -0.0156786
ctl 5 583 0.0255728
ctl 5 584 0.0001926
ctl 5 585 0.0347651
ctl 5 586 0.0952287
ctl 5 587 0.0352104
ctl 5 588 -0.0010324
ctl 5 589 -0.0050887
ctl 5 590 -0.0008043
ctl 5 591 -0.0098592
ctl 5 592 0.0000000
ctl 5 593 -0.0098592
ctl 5 594 0.0000000
ctl 5 595 0.0000000
ctl 5 596 -0.0442481
ctl 5 597 0.0000000
ctl 5 598 0.0000000
ctl 5 599 0.0004666
ctl 5 600 -0.0022063
ctl 5 601 -0.0034933
ctl 5 602 0.0046785
ctl 5 603 -0.0110832
ctl 5 604 0.0722486
ctl 5 605 -0.1023782
ctl 5 606 0.0305571
ctl 5 607 0.0000000
ctl 5 608 -0.0315782
ctl 5 609 0.0000000
ctl 5 610 0.0000000
ctl 5 611 -0.0106939
ctl 5 612 0.5628778
ctl 5 613 -0.0674407
ctl 5 614 0.0030891
ctl 5 615 -0.0096893
ctl 5 616 0.0014713
ctl 5 617 -0.0156700
ctl 5 618 0.0286687
ctl 5 619 -0.0243015
ctl 5 620 0.0048330
ctl 5 621 0.1642593
ctl 5 622 -0.0016604
ctl 5 623 -0.0893651
ctl 5 624 -0.0151452
ctl 5 625 -0.0054721
ctl 5 626 0.0316283
ctl 5 627 -0.0873375
ctl 5 628 0.0028194
ctl 5 629 -0.0003228
ctl 5 630 -0.0011213
ctl 5 631 -0.0010209
ctl 5 632 0.0000000
ctl 5 633 -0.0010209
ctl 5 634 0.0000000
ctl 5 635 0.0000000
ctl 5 636 0.0171412
ctl 5 637 0.0000000
ctl 5 638 0.0000000
ctl 5 639 0.0018885
ctl 5 640 -0.0926258
ctl 5 641 -0.1170408
ctl 5 642 -0.1348006
ctl 5 643 0.2563145
ctl 5 644 0.0182164
ctl 5 645 0.2241202
ctl 5 646 -0.0393373
ctl 5 647 0.3131711
ctl 5 648 -0.0295519
ctl 5 649 -0.1103372
ctl 5 650 0.0164149
ctl 5 651 -0.2584834
ctl 5 652 0.0164149
ctl 5 653 0.0164149
ctl 5 654 -0.0098592
ctl 5 655 -0.0010209
bot 6 0.173817 0.345490 0.212842 0.161934 0.105916
nn 6 0 -0.9537924
nn 6 1 -4.1062689
nn 6 2 2.0669580
nn 6 3 -1.0105590
nn 6 4 0.8607770
nn 6 5 2.8128953
nn 6 6 2.1636035
nn 6 7 -2.1088259
nn 6 8 3.0348282
nn 6 9 3.0766819
nn 6 10 2.1722031
nn 6 11 1.1251496
nn 6 12 1.4980813
nn 6 13 3.2372336
nn 6 14 0.1030540
nn 6 15 -2.3615642
nn 6 16 -0.0795176
nn 6 17 -1.1488720
nn 6 18 1.2985996
nn 6 19 0.9858444
nn 6 20 -0.2098491
nn 6 21 -0.5037253
nn 6 22 -2.3655937
nn 6 23 0.1245783
nn 6 24 -3.2086220
nn 6 25 9.5842800
nn 6 26 3.9034688
nn 6 27 -0.2380504
nn 6 28 -3.2885401
nn 6 29 -5.3710918
nn 6 30 -0.4633569
nn 6 31 -0.9042274
nn 6 32 0.7277116
nn 6 33 3.5728102
nn 6 34 -4.4505315
nn 6 35 1.1378908
nn 6 36 -2.6379576
nn 6 37 8.8480492
nn 6 38 5.9589591
nn 6 39 -3.6204851
nn 6 40 -2.7111881
nn 6 41 -3.5797105
nn 6 42 3.0809398
nn 6 43 -2.0917821
nn 6 44 3.6280184
nn 6 45 6.1976795
nn 6 46 -4.5328217
nn 6 47 2.3799968
nn 6 48 -1.8055001
nn 6 49 6.6041570
nn 6 50 4.8959498
nn 6 51 -1.7016398
nn 6 52 -1.6450368
nn 6 53 1.0108736
nn 6 54 2.8200850
nn 6 55 -2.3422363
nn 6 56 3.2444301
nn 6 57 1.0585812
nn 6 58 -4.8706503
nn 6 59 0.6652811
nn 6 60 -1.3443178
nn 6 61 -2.0720503
nn 6 62 6.0653291
nn 6 63 -1.1718117
nn 6 64 -2.7908456
nn 6 65 0.9698554
nn 6 66 3.7123423
nn 6 67 0.1589033
nn 6 68 3.9290657
nn 6 69 2.3225889
nn 6 70 2.6307979
nn 6 71 1.5849466
nn 6 72 0.3249748
nn 6 73 0.5593338
nn 6 74 0.0511524
nn 6 75 -0.1488265
nn 6 76 -0.3938039
nn 6 77 2.0707831
nn 6 78 0.1527001
nn 6 79 0.2952490
nn 6 80 0.2292745
nn 6 81 1.7174766
nn 6 82 0.8275597
nn 6 83 -0.5494707
nn 6 84 -2.6307993
nn 6 85 8.1296692
nn 6 86 2.1281333
nn 6 87 -2.2789388
nn 6 88 -4.7120471
nn 6 89 -1.2629558
nn 6 90 0.8347812
nn 6 91 0.0669690
nn 6 92 3.1233397
nn 6 93 3.0926521
nn 6 94 -2.2864249
nn 6 95 -0.0975053
nn 6 96 -2.6468306
nn 6 97 8.7985201
nn 6 98 6.0124149
nn 6 99 -3.7060032
nn 6 100 -2.7562201
nn 6 101 -3.6152511
nn 6 102 3.1093431
nn 6 103 -2.2036779
nn 6 104 3.6389766
nn 6 105 6.2411332
nn 6 106 -4.6373744
nn 6 107 2.2513857
nn 6 108 1.3881129
nn 6 109 -0.7239401
nn 6 110 -0.3280617
nn 6 111 0.2379110
nn 6 112 -1.4054977
nn 6 113 -0.4507902
nn 6 114 -1.5066516
nn 6 115 -0.3641531
nn 6 116 1.9349303
nn 6 117 -0.4878081
nn 6 118 -0.1310089
nn 6 119 0.6455695
nn 6 120 2.3794177
nn 6 121 0.9013883
nn 6 122 0.9214122
nn 6 123 1.3732132
nn 6 124 -0.3109139
nn 6 125 1.1245425
nn 6 126 2.0606451
nn 6 127 1.5015833
nn 6 128 -4.0998406
nn 6 129 -0.9408777
nn 6 130 1.8047067
nn 6 131 0.5811250
nn 6 132 -0.5976377
nn 6 133 -2.1424029
nn 6 134 -2.4238188
nn 6 135 -1.3538483
nn 6 136 -0.8406684
nn 6 137 -1.3724393
nn 6 138 -0.0988499
nn 6 139 1.7304437
nn 6 140 0.4850419
nn 6 141 -0.4152193
nn 6 142 -2.1760595
nn 6 143 0.6506296
nn 6 144 0.0049612
nn 6 145 1.9145881
nn 6 146 1.4956925
nn 6 147 -0.7166449
nn 6 148 0.1874012
nn 6 149 -0.5569311
nn 6 150 0.7270023
nn 6 151 -3.3051853
nn 6 152 0.3326424
nn 6 153 -3.0370667
nn 6 154 -1.5041749
nn 6 155 -0.8916745
nn 6 156 0.1833606
nn 6 157 2.7660379
nn 6 158 -2.3089592
nn 6 159 0.2269668
nn 6 160 -1.1015314
nn 6 161 -1.0342200
nn 6 162 -0.7247039
nn 6 163 0.4316020
nn 6 164 0.7833056
nn 6 165 0.6711783
nn 6 166 -3.7184107
nn 6 167 -1.5223427
nn 6 168 -0.1488693
nn 6 169 -0.4467743
nn 6 170 1.3952044
nn 6 171 -1.2594295
nn 6 172 -0.9494703
ctl 6 0 0.5445924
ctl 6 1 0.5101105
ctl 6 2 0.8067139
ctl 6 3 -0.0064329
ctl 6 4 0.1477854
ctl 6 5 0.1544231
ctl 6 6 0.0018805
ctl 6 7 0.0000000
ctl 6 8 -0.1404543
ctl 6 9 0.0000000
ctl 6 10 0.0000000
ctl 6 11 0.0847411
ctl 6 12 -0.0327047
ctl 6 13 0.0134091
ctl 6 14 -0.1316731
ctl 6 15 -0.0434001
ctl 6 16 -0.1402781
ctl 6 17 -0.1272707
ctl 6 18 0.0175686
ctl 6 19 -0.1413179
ctl 6 20 -0.1165426
ctl 6 21 0.1084294
ctl 6 22 0.0658754
ctl 6 23 -0.1588996
ctl 6 24 0.0591103
ctl 6 25 0.0034506
ctl 6 26 0.0386408
ctl 6 27 0.1271270
ctl 6 28 0.0029184
ctl 6 29 0.0035012
ctl 6 30 0.0003325
ctl 6 31 -0.1385739
ctl 6 32 0.0000000
ctl 6 33 -0.1385739
ctl 6 34 0.0000000
ctl 6 35 0.0000000
ctl 6 36 -0.0130079
ctl 6 37 0.0000000
ctl 6 38 0.0020226
ctl 6 39 -0.0060000
ctl 6 40 0.5820491
ctl 6 41 0.8334284
ctl 6 42 0.4875426
ctl 6 43 0.0014740
ctl 6 44 -0.0504787
ctl 6 45 -0.1650149
ctl 6 46 -0.0753086
ctl 6 47 0.0000000
ctl 6 48 -0.0216662
ctl 6 49 0.0000000
ctl 6 50 0.0000000
ctl 6 51 0.0793368
ctl 6 52 0.0208733
ctl 6 53 -0.0399588
ctl 6 54 0.0443829
ctl 6 55 -0.0192691
ctl 6 56 -0.1001535
ctl 6 57 -0.0740532
ctl 6 58 -0.0884062
ctl 6 59 -0.0977016
ctl 6 60 0.0066243
ctl 6 61 0.0500114
ctl 6 62 -0.0167350
ctl 6 63 -0.0078871
ctl 6 64 -0.0808950
ctl 6 65 0.0166272
ctl 6 66 0.0140676
ctl 6 67 -0.2551680
ctl 6 68 0.0037714
ctl 6 69 0.0018988
ctl 6 70 0.0037897
ctl 6 71 -0.0969742
ctl 6 72 0.0000000
ctl 6 73 -0.0969742
ctl 6 74 0.0000000
ctl 6 75 0.0000000
ctl 6 76 -0.0261006
ctl 6 77 0.0000000
ctl 6 78 0.0025909
ctl 6 79 0.0052913
ctl 6 80 0.7719201
ctl 6 81 0.5414926
ctl 6 82 0.5708262
ctl 6 83 0.0141396
ctl 6 84 0.1454701
ctl 6 85 0.0049168
ctl 6 86 -0.0434832
ctl 6 87 0.0000000
ctl 6 88 -0.0722708
ctl 6 89 0.0000000
ctl 6 90 0.0000000
ctl 6 91 -0.1530562
ctl 6 92 -0.0058558
ctl 6 93 0.0318645
ctl 6 94 -0.0515689
ctl 6 95 -0.0385016
ctl 6 96 -0.0840816
ctl 6 97 -0.0621075
ctl 6 98 -0.0379385
ctl 6 99 -0.0103339
ctl 6 100 -0.0208060
ctl 6 101 -0.0029619
ctl 6 102 -0.0511990
ctl 6 103 0.0365281
ctl 6 104 0.0319477
ctl 6 105 -0.0708042
ctl 6 106 -0.1482637
ctl 6 107 0.0649924
ctl 6 108 -0.0060000
ctl 6 109 -0.0097237
ctl 6 110 0.0062325
ctl 6 111 -0.1157538
ctl 6 112 0.0000000
ctl 6 113 -0.1157538
ctl 6 114 0.0000000
ctl 6 115 0.0000000
ctl 6 116 -0.0219746
ctl 6 117 0.0000000
ctl 6 118 -0.0060000
ctl 6 119 0.0013925
ctl 6 120 -0.0421916
ctl 6 121 -0.0072910
ctl 6 122 -0.1118605
ctl 6 123 -0.1516029
ctl 6 124 0.8459198
ctl 6 125 0.0144382
ctl 6 126 -0.0791990
ctl 6 127 0.0000000
ctl 6 128 -0.0821442
ctl 6 129 0.0000000
ctl 6 130 0.0000000
ctl 6 131 0.0275243
ctl 6 132 -0.0410211
ctl 6 133 0.0715050
ctl 6 134 -0.2447882
ctl 6 135 -0.1478083
ctl 6 136 -0.1456044
ctl 6 137 -0.2520471
ctl 6 138 -0.0687305
ctl 6 139 -0.2527566
ctl 6 140 -0.1513954
ctl 6 141 0.3122202
ctl 6 142 0.0285704
ctl 6 143 -0.1278176
ctl 6 144 0.0220273
ctl 6 145 -0.0241272
ctl 6 146 0.0571879
ctl 6 147 -0.1562964
ctl 6 148 -0.0043027
ctl 6 149 -0.0133978
ctl 6 150 0.0147451
ctl 6 151 -0.1613431
ctl 6 152 0.0000000
ctl 6 153 -0.1613431
ctl 6 154 0.0000000
ctl 6 155 0.0000000
ctl 6 156 0.1064425
ctl 6 157 0.0000000
ctl 6 158 0.0048833
ctl 6 159 0.3940000
ctl 6 160 0.0000287
ctl 6 161 0.0019595
ctl 6 162 0.0216968
ctl 6 163 1.9462080
ctl 6 164 -0.1655847
ctl 6 165 -0.0160655
ctl 6 166 0.0102300
ctl 6 167 0.0000000
ctl 6 168 0.0134549
ctl 6 169 0.0000000
ctl 6 170 0.0000000
ctl 6 171 0.0028637
ctl 6 172 0.0006056
ctl 6 173 -0.0410087
ctl 6 174 0.0562675
ctl 6 175 0.0237615
ctl 6 176 0.0211547
ctl 6 177 0.0312934
ctl 6 178 0.0076570
ctl 6 179 0.0464295
ctl 6 180 0.0260027
ctl 6 181 -0.0656755
ctl 6 182 -0.0172743
ctl 6 183 -0.0399714
ctl 6 184 0.0046178
ctl 6 185 0.0176329
ctl 6 186 0.0018776
ctl 6 187 0.0332619
ctl 6 188 0.0010613
ctl 6 189 0.0034235
ctl 6 190 -0.0060657
ctl 6 191 0.0236850
ctl 6 192 0.0000000
ctl 6 193 0.0236850
ctl 6 194 0.0000000
ctl 6 195 0.0000000
ctl 6 196 -0.0101387
ctl 6 197 0.0000000
ctl 6 198 -0.0060000
ctl 6 199 0.0016512
ctl 6 200 -0.0739028
ctl 6 201 0.0020578
ctl 6 202 -0.1000171
ctl 6 203 0.0020497
ctl 6 204 0.4147024
ctl 6 205 -0.0028107
ctl 6 206 0.0150127
ctl 6 207 0.0000000
ctl 6 208 -0.1868748
ctl 6 209 0.0000000
ctl 6 210 0.0000000
ctl 6 211 0.0293446
ctl 6 212 0.0428872
ctl 6 213 0.0285363
ctl 6 214 -0.1682447
ctl 6 215 -0.0755406
ctl 6 216 -0.1570774
ctl 6 217 -0.1705380
ctl 6 218 0.0258450
ctl 6 219 -0.1644583
ctl 6 220 -0.0846947
ctl 6 221 0.1863562
ctl 6 222 -0.0009330
ctl 6 223 -0.1281792
ctl 6 224 -0.0036374
ctl 6 225 -0.0153058
ctl 6 226 0.0191402
ctl 6 227 -0.1029916
ctl 6 228 -0.0023040
ctl 6 229 -0.0096381
ctl 6 230 0.0174341
ctl 6 231 -0.1718621
ctl 6 232 0.0000000
ctl 6 233 -0.1718621
ctl 6 234 0.0000000
ctl 6 235 0.0000000
ctl 6 236 0.0134605
ctl 6 237 0.0000000
ctl 6 238 -0.0008214
ctl 6 239 0.3985528
ctl 6 240 0.0207503
ctl 6 241 -0.1117349
ctl 6 242 0.0316155
ctl 6 243 0.0028201
ctl 6 244 1.0171843
ctl 6 245 -0.0044680
ctl 6 246 -0.2103574
ctl 6 247 0.0000000
ctl 6 248 0.1509891
ctl 6 249 0.0000000
ctl 6 250 0.0000000
ctl 6 251 -0.0360592
ctl 6 252 -0.0778009
ctl 6 253 -0.0879272
ctl 6 254 0.2651633
ctl 6 255 0.1424167
ctl 6 256 -0.0514178
ctl 6 257 0.0715555
ctl 6 258 -0.2272010
ctl 6 259 0.0601789
ctl 6 260 0.0387490
ctl 6 261 -0.1353067
ctl 6 262 -0.0031217
ctl 6 263 0.1511340
ctl 6 264 -0.0096913
ctl 6 265 -0.0107060
ctl 6 266 -0.1283973
ctl 6 267 0.1001991
ctl 6 268 0.0039465
ctl 6 269 0.0154298
ctl 6 270 0.0053882
ctl 6 271 -0.0593683
ctl 6 272 0.0000000
ctl 6 273 -0.0593683
ctl 6 274 0.0000000
ctl 6 275 0.0000000
ctl 6 276 -0.1229731
ctl 6 277 0.0000000
ctl 6 278 0.0001966
ctl 6 279 -0.0060000
ctl 6 280 -0.1652522
ctl 6 281 0.1470575
ctl 6 282 -0.0777705
ctl 6 283 -0.0100896
ctl 6 284 0.3984942
ctl 6 285 0.0593095
ctl 6 286 -0.0657744
ctl 6 287 0.0000000
ctl 6 288 -0.0301906
ctl 6 289 0.0000000
ctl 6 290 0.0000000
ctl 6 291 -0.0364320
ctl 6 292 0.0688134
ctl 6 293 -0.0758572
ctl 6 294 -0.2146725
ctl 6 295 0.1860893
ctl 6 296 -0.0736129
ctl 6 297 0.0266329
ctl 6 298 -0.0499814
ctl 6 299 -0.0765899
ctl 6 300 -0.1073777
ctl 6 301 0.2870839
ctl 6 302 0.0299686
ctl 6 303 -0.2847441
ctl 6 304 -0.0041865
ctl 6 305 0.0262452
ctl 6 306 -0.1489261
ctl 6 307 0.2397833
ctl 6 308 0.0019918
ctl 6 309 0.0094995
ctl 6 310 0.0053860
ctl 6 311 -0.0959649
ctl 6 312 0.0000000
ctl 6 313 -0.0959649
ctl 6 314 0.0000000
ctl 6 315 0.0000000
ctl 6 316 -0.1002459
ctl 6 317 0.0000000
ctl 6 318 0.0028236
ctl 6 319 0.3940000
ctl 6 320 0.1159763
ctl 6 321 -0.2291913
ctl 6 322 0.0532288
ctl 6 323 0.0114334
ctl 6 324 0.2196739
ctl 6 325 0.7999813
ctl 6 326 0.0531172
ctl 6 327 0.0000000
ctl 6 328 -0.1131032
ctl 6 329 0.0000000
ctl 6 330 0.0000000
ctl 6 331 0.0736604
ctl 6 332 0.0681837
ctl 6 333 0.0555202
ctl 6 334 0.0804735
ctl 6 335 -0.4448516
ctl 6 336 -0.0814859
ctl 6 337 -0.1268836
ctl 6 338 0.0372948
ctl 6 339 0.0643895
ctl 6 340 0.1275839
ctl 6 341 -0.0231696
ctl 6 342 -0.0631288
ctl 6 343 0.1697582
ctl 6 344 -0.0430830
ctl 6 345 -0.2575274
ctl 6 346 -0.1003455
ctl 6 347 -0.5776089
ctl 6 348 -0.0060000
ctl 6 349 -0.0265000
ctl 6 350 -0.0011460
ctl 6 351 -0.0599861
ctl 6 352 0.0000000
ctl 6 353 -0.0599861
ctl 6 354 0.0000000
ctl 6 355 0.0000000
ctl 6 356 0.0453974
ctl 6 357 0.0000000
ctl 6 358 -0.0056188
ctl 6 359 0.0024549
ctl 6 360 -0.0352101
ctl 6 361 -0.0401718
ctl 6 362 -0.0352406
ctl 6 363 -0.0020303
ctl 6 364 -0.1102057
ctl 6 365 0.0097600
ctl 6 366 1.3793800
ctl 6 367 0.0000000
ctl 6 368 0.5099946
ctl 6 369 0.0000000
ctl 6 370 0.0000000
ctl 6 371 0.0114628
ctl 6 372 -0.0061173
ctl 6 373 0.0018511
ctl 6 374 -0.0978841
ctl 6 375 -0.0009018
ctl 6 376 -0.1160111
ctl 6 377 -0.1148069
ctl 6 378 -0.5941176
ctl 6 379 -0.0734114
ctl 6 380 -0.0843856
ctl 6 381 0.0530659
ctl 6 382 -0.0080270
ctl 6 383 -0.0708168
ctl 6 384 -0.0034437
ctl 6 385 -0.0309750
ctl 6 386 -0.0306571
ctl 6 387 -0.0412997
ctl 6 388 0.0028856
ctl 6 389 -0.0063682
ctl 6 390 0.0222615
ctl 6 391 -0.1106224
ctl 6 392 0.0000000
ctl 6 393 -0.1106224
ctl 6 394 0.0000000
ctl 6 395 0.0000000
ctl 6 396 -0.0012042
ctl 6 397 0.0000000
ctl 6 398 0.0016348
ctl 6 399 -0.0060000
ctl 6 400 0.0090328
ctl 6 401 -0.0006216
ctl 6 402 0.0104819
ctl 6 403 -0.0076529
ctl 6 404 -0.1951718
ctl 6 405 0.0073361
ctl 6 406 0.0159732
ctl 6 407 2.0000000
ctl 6 408 0.0029199
ctl 6 409 0.0000000
ctl 6 410 0.0000000
ctl 6 411 -0.0032104
ctl 6 412 0.0150406
ctl 6 413 -0.0005452
ctl 6 414 0.0492052
ctl 6 415 0.0297325
ctl 6 416 0.0163490
ctl 6 417 0.0342547
ctl 6 418 0.0137821
ctl 6 419 0.0384566
ctl 6 420 0.0231390
ctl 6 421 -0.0560687
ctl 6 422 -0.0053006
ctl 6 423 0.0252714
ctl 6 424 -0.0082283
ctl 6 425 0.0062766
ctl 6 426 -0.0142785
ctl 6 427 0.0356943
ctl 6 428 0.0010913
ctl 6 429 0.0031594
ctl 6 430 -0.0062889
ctl 6 431 0.0188931
ctl 6 432 0.0000000
ctl 6 433 0.0188931
ctl 6 434 0.0000000
ctl 6 435 0.0000000
ctl 6 436 -0.0179057
ctl 6 437 0.0000000
ctl 6 438 0.0005611
ctl 6 439 0.0015959
ctl 6 440 -0.0855900
ctl 6 441 -0.0735941
ctl 6 442 -0.1069106
ctl 6 443 0.0218242
ctl 6 444 0.6667643
ctl 6 445 -0.0254752
ctl 6 446 0.4729453
ctl 6 447 0.0000000
ctl 6 448 1.2609484
ctl 6 449 0.0000000
ctl 6 450 0.0000000
ctl 6 451 0.0163446
ctl 6 452 -0.0490832
ctl 6 453 0.0140249
ctl 6 454 -0.1312257
ctl 6 455 -0.1438178
ctl 6 456 -0.2263442
ctl 6 457 -0.1938742
ctl 6 458 0.4483634
ctl 6 459 -0.2295259
ctl 6 460 -0.0621677
ctl 6 461 0.1502157
ctl 6 462 0.0012626
ctl 6 463 -0.0811612
ctl 6 464 0.0158116
ctl 6 465 -0.0329289
ctl 6 466 -0.0231524
ctl 6 467 -0.0904035
ctl 6 468 -0.0060000
ctl 6 469 -0.0014334
ctl 6 470 -0.0024841
ctl 6 471 -0.2660956
ctl 6 472 0.0000000
ctl 6 473 -0.2660956
ctl 6 474 0.0000000
ctl 6 475 0.0000000
ctl 6 476 -0.0324705
ctl 6 477 0.0000000
ctl 6 478 -0.0038463
ctl 6 479 0.0016098
ctl 6 480 0.0090328
ctl 6 481 -0.0006216
ctl 6 482 0.0104819
ctl 6 483 -0.0076529
ctl 6 484 -0.1951718
ctl 6 485 0.0073361
ctl 6 486 0.0159732
ctl 6 487 0.0000000
ctl 6 488 0.0029199
ctl 6 489 2.0000000
ctl 6 490 0.0000000
ctl 6 491 -0.0032104
ctl 6 492 0.0150406
ctl 6 493 -0.0005452
ctl 6 494 0.0492052
ctl 6 495 0.0297325
ctl 6 496 0.0163490
ctl 6 497 0.0342547
ctl 6 498 0.0137821
ctl 6 499 0.0384566
ctl 6 500 0.0231390
ctl 6 501 -0.0560687
ctl 6 502 -0.0053006
ctl 6 503 0.0252714
ctl 6 504 -0.0082283
ctl 6 505 0.0062766
ctl 6 506 -0.0142785
ctl 6 507 0.0356943
ctl 6 508 0.0010913
ctl 6 509 0.0031594
ctl 6 510 -0.0062889
ctl 6 511 0.0188931
ctl 6 512 0.0000000
ctl 6 513 0.0188931
ctl 6 514 0.0000000
ctl 6 515 0.0000000
ctl 6 516 -0.0179057
ctl 6 517 0.0000000
ctl 6 518 0.0005611
ctl 6 519 0.0015959
ctl 6 520 0.0090328
ctl 6 521 -0.0006216
ctl 6 522 0.0104819
ctl 6 523 -0.0076529
ctl 6 524 -0.1951718
ctl 6 525 0.0073361
ctl 6 526 0.0159732
ctl 6 527 0.0000000
ctl 6 528 0.0029199
ctl 6 529 0.0000000
ctl 6 530 2.0000000
ctl 6 531 -0.0032104
ctl 6 532 0.0150406
ctl 6 533 -0.0005452
ctl 6 534 0.0492052
ctl 6 535 0.0297325
ctl 6 536 0.0163490
ctl 6 537 0.0342547
ctl 6 538 0.0137821
ctl 6 539 0.0384566
ctl 6 540 0.0231390
ctl 6 541 -0.0560687
ctl 6 542 -0.0053006
ctl 6 543 0.0252714
ctl 6 544 -0.0082283
ctl 6 545 0.0062766
ctl 6 546 -0.0142785
ctl 6 547 0.0356943
ctl 6 548 0.0010913
ctl 6 549 0.0031594
ctl 6 550 -0.0062889
ctl 6 551 0.0188931
ctl 6 552 0.0000000
ctl 6 553 0.0188931
ctl 6 554 0.0000000
ctl 6 555 0.0000000
ctl 6 556 -0.0179057
ctl 6 557 0.0000000
ctl 6 558 0.0005611
ctl 6 559 0.0015959
ctl 6 560 0.1055124
ctl 6 561 -0.0386209
ctl 6 562 -0.0443008
ctl 6 563 -0.0048782
ctl 6 564 0.0215578
ctl 6 565 -0.0972241
ctl 6 566 -0.0628229
ctl 6 567 0.0000000
ctl 6 568 0.0854136
ctl 6 569 0.0000000
ctl 6 570 0.0000000
ctl 6 571 0.9404020
ctl 6 572 0.0344651
ctl 6 573 -0.0095874
ctl 6 574 -0.0023546
ctl 6 575 -0.0037713
ctl 6 576 0.0291216
ctl 6 577 -0.0230881
ctl 6 578 -0.0624350
ctl 6 579 0.0856723
ctl 6 580 0.2079976
ctl 6 581 0.0126666
ctl 6 582 0.0017868
ctl 6 583 -0.0181059
ctl 6 584 -0.0005371
ctl 6 585 -0.0373659
ctl 6 586 -0.0883300
ctl 6 587 -0.0439853
ctl 6 588 0.0002311
ctl 6 589 0.0016812
ctl 6 590 -0.0004709
ctl 6 591 0.0225905
ctl 6 592 0.0000000
ctl 6 593 0.0225905
ctl 6 594 0.0000000
ctl 6 595 0.0000000
ctl 6 596 0.0522096
ctl 6 597 0.0000000
ctl 6 598 0.0009550
ctl 6 599 -0.0001681
ctl 6 600 0.0203293
ctl 6 601 0.0012158
ctl 6 602 -0.0122736
ctl 6 603 -0.0039184
ctl 6 604 0.0516694
ctl 6 605 -0.0894013
ctl 6 606 0.0118049
ctl 6 607 0.0000000
ctl 6 608 -0.0025335
ctl 6 609 0.0000000
ctl 6 610 0.0000000
ctl 6 611 0.0138308
ctl 6 612 0.5797319
ctl 6 613 -0.0737140
ctl 6 614 0.0004532
ctl 6 615 0.0280248
ctl 6 616 0.0181782
ctl 6 617 0.0101342
ctl 6 618 0.0104717
ctl 6 619 -0.0239208
ctl 6 620 -0.0042165
ctl 6 621 0.1620948
ctl 6 622 0.0018218
ctl 6 623 -0.0970988
ctl 6 624 -0.0304223
ctl 6 625 0.0170936
ctl 6 626 0.0346298
ctl 6 627 -0.0862196
ctl 6 628 0.0016435
ctl 6 629 0.0045994
ctl 6 630 0.0011132
ctl 6 631 0.0092714
ctl 6 632 0.0000000
ctl 6 633 0.0092714
ctl 6 634 0.0000000
ctl 6 635 0.0000000
ctl 6 636 0.0080440
ctl 6 637 0.0000000
ctl 6 638 0.0000846
ctl 6 639 0.0016624
ctl 6 640 -0.1385739
ctl 6 641 -0.0969742
ctl 6 642 -0.1157538
ctl 6 643 0.2386565
ctl 6 644 0.0236850
ctl 6 645 0.2281386
ctl 6 646 -0.0593683
ctl 6 647 0.3040347
ctl 6 648 -0.0599861
ctl 6 649 -0.1106224
ctl 6 650 0.0188931
ctl 6 651 -0.2660956
ctl 6 652 0.0188931
ctl 6 653 0.0188931
ctl 6 654 0.0225905
ctl 6 655 0.0092714
bot 7 0.240449 0.197253 0.119241 0.181787 0.261271
nn 7 0 0.3832291
nn 7 1 0.1315429
nn 7 2 -1.1942688
nn 7 3 -5.7308459
nn 7 4 -0.3082127
nn 7 5 -1.3202223
nn 7 6 -3.0650856
nn 7 7 -0.6508278
nn 7 8 6.7696886
nn 7 9 -1.3096668
nn 7 10 -1.5311372
nn 7 11 2.0976758
nn 7 12 -1.9543051
nn 7 13 0.0425219
nn 7 14 -1.2050728
nn 7 15 7.1767902
nn 7 16 -0.3117514
nn 7 17 -2.2114522
nn 7 18 0.8528921
nn 7 19 2.2742112
nn 7 20 -5.8987880
nn 7 21 -0.5838209
nn 7 22 0.0606706
nn 7 23 -0.4183998
nn 7 24 -1.2381823
nn 7 25 2.2828834
nn 7 26 -1.5806923
nn 7 27 -6.3203726
nn 7 28 -1.6638879
nn 7 29 -0.8053659
nn 7 30 -0.0878169
nn 7 31 2.4662912
nn 7 32 4.9427547
nn 7 33 7.0678449
nn 7 34 -0.5746003
nn 7 35 1.7993712
nn 7 36 -2.6764696
nn 7 37 2.3424444
nn 7 38 -3.9904509
nn 7 39 -4.7288837
nn 7 40 -2.1564958
nn 7 41 -4.2549453
nn 7 42 -2.3645754
nn 7 43 4.1650472
nn 7 44 5.8655691
nn 7 45 5.2854738
nn 7 46 -2.0527391
nn 7 47 3.4895506
nn 7 48 -3.1497767
nn 7 49 1.5112067
nn 7 50 -3.9965458
nn 7 51 -3.7590244
nn 7 52 -1.0843784
nn 7 53 -0.9593629
nn 7 54 -4.9865713
nn 7 55 -1.0158587
nn 7 56 8.9679298
nn 7 57 6.2399349
nn 7 58 0.2043712
nn 7 59 4.0647235
nn 7 60 -2.4882443
nn 7 61 0.9773102
nn 7 62 -1.7466964
nn 7 63 -5.1398058
nn 7 64 -0.3333625
nn 7 65 -1.0954181
nn 7 66 -4.3880701
nn 7 67 1.8887883
nn 7 68 8.3352299
nn 7 69 -1.9330822
nn 7 70 -3.4344630
nn 7 71 -0.4842721
nn 7 72 0.0885433
nn 7 73 -0.5687262
nn 7 74 -0.9585347
nn 7 75 -0.4717022
nn 7 76 -0.2382172
nn 7 77 0.3994823
nn 7 78 0.1229157
nn 7 79 1.7924128
nn 7 80 -1.3788403
nn 7 81 0.8526455
nn 7 82 -0.9819807
nn 7 83 -1.3693520
nn 7 84 -0.0279237
nn 7 85 2.4911551
nn 7 86 -2.2430267
nn 7 87 0.0008243
nn 7 88 -0.7655536
nn 7 89 -4.1109605
nn 7 90 -2.6842551
nn 7 91 -2.6038811
nn 7 92 3.0092077
nn 7 93 0.8650924
nn 7 94 -1.1052563
nn 7 95 -0.8413406
nn 7 96 -2.7395480
nn 7 97 2.4259543
nn 7 98 -4.0666165
nn 7 99 -4.7566090
nn 7 100 -2.2478709
nn 7 101 -4.2466722
nn 7 102 -2.4684396
nn 7 103 4.2328916
nn 7 104 5.8690834
nn 7 105 5.2499027
nn 7 106 -2.1660779
nn 7 107 3.5413804
nn 7 108 -3.7450767
nn 7 109 3.1899552
nn 7 110 1.1098008
nn 7 111 -0.7880934
nn 7 112 -0.2396768
nn 7 113 2.8331966
nn 7 114 -0.2706470
nn 7 115 -0.2987580
nn 7 116 1.4411418
nn 7 117 -0.1750621
nn 7 118 -0.6461402
nn 7 119 -0.1002982
nn 7 120 -0.8144803
nn 7 121 -0.3351556
nn 7 122 2.6461887
nn 7 123 1.6848092
nn 7 124 1.6337242
nn 7 125 -2.6798515
nn 7 126 -1.3295783
nn 7 127 -1.8575881
nn 7 128 -1.5640603
nn 7 129 2.6178546
nn 7 130 0.6131492
nn 7 131 -1.0242718
nn 7 132 -0.1783355
nn 7 133 0.4208476
nn 7 134 -0.5341736
nn 7 135 -0.2345330
nn 7 136 -0.4624466
nn 7 137 0.1513981
nn 7 138 0.4752198
nn 7 139 0.5217381
nn 7 140 0.6296294
nn 7 141 -1.1844671
nn 7 142 -0.2242470
nn 7 143 1.7972215
nn 7 144 -1.9192877
nn 7 145 2.2156968
nn 7 146 1.8315698
nn 7 147 3.5112114
nn 7 148 -5.2225232
nn 7 149 -1.6166055
nn 7 150 2.2867727
nn 7 151 -4.0034137
nn 7 152 -2.5735803
nn 7 153 -2.5494583
nn 7 154 3.0018420
nn 7 155 1.3877374
nn 7 156 0.0770419
nn 7 157 2.8529124
nn 7 158 0.8649971
nn 7 159 0.8890545
nn 7 160 2.5673673
nn 7 161 1.0896438
nn 7 162 0.4367933
nn 7 163 -0.2271630
nn 7 164 -2.6649971
nn 7 165 -3.6768064
nn 7 166 -4.3886828
nn 7 167 -1.9769527
nn 7 168 0.9001470
nn 7 169 -0.8537201
nn 7 170 -0.5702068
nn 7 171 1.1615778
nn 7 172 -0.7758880
ctl 7 0 0.5704701
ctl 7 1 0.6016684
ctl 7 2 0.7223995
ctl 7 3 0.0192539
ctl 7 4 0.4401331
ctl 7 5 0.0088216
ctl 7 6 -0.0881268
ctl 7 7 0.0000000
ctl 7 8 -0.0173295
ctl 7 9 0.0000000
ctl 7 10 0.0000000
ctl 7 11 0.0079830
ctl 7 12 -0.0042662
ctl 7 13 0.0496639
ctl 7 14 -0.0714606
ctl 7 15 -0.0327916
ctl 7 16 -0.0773512
ctl 7 17 -0.1089617
ctl 7 18 -0.0604406
ctl 7 19 -0.0427876
ctl 7 20 0.0059261
ctl 7 21 0.1143907
ctl 7 22 0.0809571
ctl 7 23 -0.0705311
ctl 7 24 0.0612472
ctl 7 25 -0.0186459
ctl 7 26 -0.0474457
ctl 7 27 0.0181917
ctl 7 28 -0.0168215
ctl 7 29 -0.0296620
ctl 7 30 -0.0034155
ctl 7 31 -0.1054563
ctl 7 32 0.0000000
ctl 7 33 -0.1054563
ctl 7 34 0.0000000
ctl 7 35 0.0000000
ctl 7 36 0.0316098
ctl 7 37 0.0000000
ctl 7 38 0.0000000
ctl 7 39 -0.0058991
ctl 7 40 0.6256112
ctl 7 41 0.6552200
ctl 7 42 0.5996904
ctl 7 43 -0.0011247
ctl 7 44 -0.0223003
ctl 7 45 -0.1067427
ctl 7 46 -0.0534584
ctl 7 47 0.0000000
ctl 7 48 -0.0660154
ctl 7 49 0.0000000
ctl 7 50 0.0000000
ctl 7 51 -0.0251537
ctl 7 52 -0.0198621
ctl 7 53 -0.0407447
ctl 7 54 -0.0016645
ctl 7 55 -0.0231340
ctl 7 56 -0.1110650
ctl 7 57 -0.0885130
ctl 7 58 -0.0706927
ctl 7 59 -0.1317391
ctl 7 60 0.0230334
ctl 7 61 0.0305643
ctl 7 62 -0.0203735
ctl 7 63 -0.0066609
ctl 7 64 -0.0767615
ctl 7 65 -0.0139093
ctl 7 66 0.0058951
ctl 7 67 -0.2206015
ctl 7 68 0.0089490
ctl 7 69 0.0036837
ctl 7 70 -0.0004602
ctl 7 71 -0.1194732
ctl 7 72 0.0000000
ctl 7 73 -0.1194732
ctl 7 74 0.0000000
ctl 7 75 0.0000000
ctl 7 76 -0.0225526
ctl 7 77 0.0000000
ctl 7 78 0.0000000
ctl 7 79 0.0021707
ctl 7 80 0.6733717
ctl 7 81 0.6027629
ctl 7 82 0.5992458
ctl 7 83 -0.0059361
ctl 7 84 -0.0510808
ctl 7 85 0.0731723
ctl 7 86 0.0034012
ctl 7 87 0.0000000
ctl 7 88 -0.1280137
ctl 7 89 0.0000000
ctl 7 90 0.0000000
ctl 7 91 0.0182441
ctl 7 92 -0.0135067
ctl 7 93 -0.0106341
ctl 7 94 -0.1024034
ctl 7 95 0.0153623
ctl 7 96 -0.1347341
ctl 7 97 -0.0483755
ctl 7 98 0.0039325
ctl 7 99 -0.0384407
ctl 7 100 0.0690310
ctl 7 101 0.0281187
ctl 7 102 -0.0442795
ctl 7 103 -0.0198043
ctl 7 104 0.0238650
ctl 7 105 0.0013372
ctl 7 106 -0.0813383
ctl 7 107 0.1261800
ctl 7 108 0.0000906
ctl 7 109 0.0142245
ctl 7 110 0.0027178
ctl 7 111 -0.1246128
ctl 7 112 0.0000000
ctl 7 113 -0.1246128
ctl 7 114 0.0000000
ctl 7 115 0.0000000
ctl 7 116 -0.0863585
ctl 7 117 0.0000000
ctl 7 118 0.0000000
ctl 7 119 0.0003043
ctl 7 120 -0.0140137
ctl 7 121 -0.0530981
ctl 7 122 -0.0607952
ctl 7 123 -0.0768275
ctl 7 124 1.0135154
ctl 7 125 -0.0602640
ctl 7 126 -0.1248295
ctl 7 127 0.0000000
ctl 7 128 -0.0030775
ctl 7 129 0.0000000
ctl 7 130 0.0000000
ctl 7 131 0.0476655
ctl 7 132 -0.0122086
ctl 7 133 0.0182561
ctl 7 134 -0.2992280
ctl 7 135 -0.0686961
ctl 7 136 -0.1184343
ctl 7 137 -0.1904748
ctl 7 138 -0.1042954
ctl 7 139 -0.1353574
ctl 7 140 0.1505437
ctl 7 141 0.2962737
ctl 7 142 -0.0401147
ctl 7 143 -0.1466925
ctl 7 144 0.0622936
ctl 7 145 -0.0136363
ctl 7 146 -0.0809445
ctl 7 147 -0.1421179
ctl 7 148 -0.0110998
ctl 7 149 0.0013512
ctl 7 150 -0.0047711
ctl 7 151 -0.1279068
ctl 7 152 0.0000000
ctl 7 153 -0.1279068
ctl 7 154 0.0000000
ctl 7 155 0.0000000
ctl 7 156 0.0720402
ctl 7 157 0.0000000
ctl 7 158 0.0000000
ctl 7 159 0.3940000
ctl 7 160 -0.0218387
ctl 7 161 0.0046613
ctl 7 162 0.0260709
ctl 7 163 1.9261466
ctl 7 164 -0.1846249
ctl 7 165 -0.0085901
ctl 7 166 0.0229427
ctl 7 167 0.0000000
ctl 7 168 -0.0140493
ctl 7 169 0.0000000
ctl 7 170 0.0000000
ctl 7 171 -0.0140100
ctl 7 172 0.0058794
ctl 7 173 -0.0431409
ctl 7 174 0.0596424
ctl 7 175 0.0123424
ctl 7 176 0.0072825
ctl 7 177 0.0097035
ctl 7 178 0.0173877
ctl 7 179 0.0215085
ctl 7 180 -0.0264195
ctl 7 181 -0.0617888
ctl 7 182 0.0168912
ctl 7 183 -0.0154902
ctl 7 184 -0.0282341
ctl 7 185 0.0186509
ctl 7 186 0.0125509
ctl 7 187 0.0212685
ctl 7 188 0.0034986
ctl 7 189 -0.0060011
ctl 7 190 0.0015725
ctl 7 191 0.0088935
ctl 7 192 0.0000000
ctl 7 193 0.0088935
ctl 7 194 0.0000000
ctl 7 195 0.0000000
ctl 7 196 -0.0024209
ctl 7 197 0.0000000
ctl 7 198 0.0000000
ctl 7 199 0.0013680
ctl 7 200 -0.0768146
ctl 7 201 -0.0578111
ctl 7 202 -0.0336248
ctl 7 203 0.0080337
ctl 7 204 0.5002486
ctl 7 205 0.0049362
ctl 7 206 0.0136380
ctl 7 207 0.0000000
ctl 7 208 -0.1818883
ctl 7 209 0.0000000
ctl 7 210 0.0000000
ctl 7 211 0.0051172
ctl 7 212 0.0661347
ctl 7 213 0.0037840
ctl 7 214 -0.1963805
ctl 7 215 -0.0371037
ctl 7 216 -0.1611386
ctl 7 217 -0.1232543
ctl 7 218 0.0267492
ctl 7 219 -0.1268985
ctl 7 220 0.0800390
ctl 7 221 0.1897852
ctl 7 222 -0.0004152
ctl 7 223 -0.0483043
ctl 7 224 -0.0118473
ctl 7 225 0.0001063
ctl 7 226 -0.0665404
ctl 7 227 -0.0826142
ctl 7 228 -0.0055073
ctl 7 229 -0.0008962
ctl 7 230 -0.0039060
ctl 7 231 -0.1682504
ctl 7 232 0.0000000
ctl 7 233 -0.1682504
ctl 7 234 0.0000000
ctl 7 235 0.0000000
ctl 7 236 -0.0378843
ctl 7 237 0.0000000
ctl 7 238 0.0000000
ctl 7 239 0.3992623
ctl 7 240 0.0271001
ctl 7 241 -0.0395228
ctl 7 242 -0.0277768
ctl 7 243 -0.0042495
ctl 7 244 0.9513735
ctl 7 245 -0.0548404
ctl 7 246 -0.2756462
ctl 7 247 0.0000000
ctl 7 248 0.2354475
ctl 7 249 0.0000000
ctl 7 250 0.0000000
ctl 7 251 0.0019682
ctl 7 252 -0.0886848
ctl 7 253 -0.0111468
ctl 7 254 0.2271197
ctl 7 255 0.1021471
ctl 7 256 -0.0314557
ctl 7 257 0.0728345
ctl 7 258 -0.2908755
ctl 7 259 0.0847700
ctl 7 260 -0.0605163
ctl 7 261 -0.0959254
ctl 7 262 0.0169766
ctl 7 263 -0.0077592
ctl 7 264 0.0171691
ctl 7 265 -0.0573773
ctl 7 266 -0.0772313
ctl 7 267 0.1085410
ctl 7 268 0.0101469
ctl 7 269 0.0193705
ctl 7 270 0.0079455
ctl 7 271 -0.0401991
ctl 7 272 0.0000000
ctl 7 273 -0.0401991
ctl 7 274 0.0000000
ctl 7 275 0.0000000
ctl 7 276 -0.1042897
ctl 7 277 0.0000000
ctl 7 278 0.0000000
ctl 7 279 -0.0060000
ctl 7 280 -0.1709542
ctl 7 281 0.1223381
ctl 7 282 -0.0752776
ctl 7 283 -0.0047960
ctl 7 284 0.5318271
ctl 7 285 0.0577005
ctl 7 286 -0.0856368
ctl 7 287 0.0000000
ctl 7 288 -0.0382571
ctl 7 289 0.0000000
ctl 7 290 0.0000000
ctl 7 291 0.0075935
ctl 7 292 0.1027299
ctl 7 293 -0.0750793
ctl 7 294 -0.2250383
ctl 7 295 0.1759863
ctl 7 296 -0.1169457
ctl 7 297 -0.0001843
ctl 7 298 -0.0683688
ctl 7 299 -0.0044056
ctl 7 300 0.1047206
ctl 7 301 0.2130174
ctl 7 302 -0.0968115
ctl 7 303 -0.1997966
ctl 7 304 -0.0724059
ctl 7 305 -0.0989533
ctl 7 306 -0.2685055
ctl 7 307 0.3755663
ctl 7 308 0.0131744
ctl 7 309 0.0195648
ctl 7 310 0.0057965
ctl 7 311 -0.1238938
ctl 7 312 0.0000000
ctl 7 313 -0.1238938
ctl 7 314 0.0000000
ctl 7 315 0.0000000
ctl 7 316 -0.1167613
ctl 7 317 0.0000000
ctl 7 318 0.0000000
ctl 7 319 0.3940000
ctl 7 320 0.1597068
ctl 7 321 -0.2387289
ctl 7 322 0.0655891
ctl 7 323 0.0010150
ctl 7 324 0.1820124
ctl 7 325 0.6274039
ctl 7 326 0.0396242
ctl 7 327 0.0000000
ctl 7 328 -0.0530569
ctl 7 329 0.0000000
ctl 7 330 0.0000000
ctl 7 331 -0.0239875
ctl 7 332 -0.0070034
ctl 7 333 0.0443644
ctl 7 334 0.0690346
ctl 7 335 -0.3034495
ctl 7 336 -0.0189321
ctl 7 337 -0.0240371
ctl 7 338 0.0338102
ctl 7 339 0.0487137
ctl 7 340 -0.0961148
ctl 7 341 0.0581788
ctl 7 342 0.0820335
ctl 7 343 0.0837829
ctl 7 344 -0.0182648
ctl 7 345 -0.1355503
ctl 7 346 -0.0844689
ctl 7 347 -0.7724090
ctl 7 348 -0.0240000
ctl 7 349 -0.0464197
ctl 7 350 -0.0120000
ctl 7 351 -0.0134334
ctl 7 352 0.0000000
ctl 7 353 -0.0134334
ctl 7 354 0.0000000
ctl 7 355 0.0000000
ctl 7 356 0.0051053
ctl 7 357 0.0000000
ctl 7 358 0.0000000
ctl 7 359 0.0021099
ctl 7 360 -0.0372048
ctl 7 361 -0.0566414
ctl 7 362 -0.0065810
ctl 7 363 -0.0029338
ctl 7 364 -0.1159597
ctl 7 365 -0.0197514
ctl 7 366 1.4090848
ctl 7 367 0.0000000
ctl 7 368 0.4904854
ctl 7 369 0.0000000
ctl 7 370 0.0000000
ctl 7 371 -0.0058629
ctl 7 372 0.0056154
ctl 7 373 -0.0058699
ctl 7 374 -0.1344915
ctl 7 375 0.0018086
ctl 7 376 -0.1161647
ctl 7 377 -0.0915144
ctl 7 378 -0.5549124
ctl 7 379 -0.0656656
ctl 7 380 0.0918284
ctl 7 381 0.0896931
ctl 7 382 -0.0312108
ctl 7 383 -0.0360088
ctl 7 384 -0.0037680
ctl 7 385 -0.0062571
ctl 7 386 -0.0548772
ctl 7 387 -0.0436865
ctl 7 388 0.0009008
ctl 7 389 -0.0192499
ctl 7 390 -0.0045220
ctl 7 391 -0.1004267
ctl 7 392 0.0000000
ctl 7 393 -0.1004267
ctl 7 394 0.0000000
ctl 7 395 0.0000000
ctl 7 396 -0.0246505
ctl 7 397 0.0000000
ctl 7 398 0.0000000
ctl 7 399 -0.0060000
ctl 7 400 0.0069040
ctl 7 401 0.0126945
ctl 7 402 -0.0063022
ctl 7 403 -0.0079158
ctl 7 404 -0.2378237
ctl 7 405 0.0156399
ctl 7 406 0.0282611
ctl 7 407 2.0000000
ctl 7 408 -0.0149649
ctl 7 409 0.0000000
ctl 7 410 0.0000000
ctl 7 411 -0.0071139
ctl 7 412 0.0212955
ctl 7 413 0.0010526
ctl 7 414 0.0513468
ctl 7 415 0.0105827
ctl 7 416 0.0109458
ctl 7 417 0.0192435
ctl 7 418 0.0238884
ctl 7 419 0.0172076
ctl 7 420 -0.0302913
ctl 7 421 -0.0569373
ctl 7 422 -0.0021448
ctl 7 423 0.0347928
ctl 7 424 -0.0055334
ctl 7 425 0.0106049
ctl 7 426 0.0160980
ctl 7 427 0.0229280
ctl 7 428 0.0023998
ctl 7 429 0.0005138
ctl 7 430 0.0010702
ctl 7 431 0.0132962
ctl 7 432 0.0000000
ctl 7 433 0.0132962
ctl 7 434 0.0000000
ctl 7 435 0.0000000
ctl 7 436 -0.0082976
ctl 7 437 0.0000000
ctl 7 438 0.0000000
ctl 7 439 0.0013130
ctl 7 440 -0.0979849
ctl 7 441 -0.0932849
ctl 7 442 -0.0788270
ctl 7 443 0.0242626
ctl 7 444 0.8127931
ctl 7 445 -0.0185649
ctl 7 446 0.4038988
ctl 7 447 0.0000000
ctl 7 448 1.3259937
ctl 7 449 0.0000000
ctl 7 450 0.0000000
ctl 7 451 0.0084285
ctl 7 452 -0.0566576
ctl 7 453 -0.0143215
ctl 7 454 -0.1104208
ctl 7 455 -0.0548083
ctl 7 456 -0.2237924
ctl 7 457 -0.1764515
ctl 7 458 0.3739110
ctl 7 459 -0.1751788
ctl 7 460 0.0480127
ctl 7 461 0.1294410
ctl 7 462 0.0435082
ctl 7 463 -0.0848557
ctl 7 464 0.0218741
ctl 7 465 -0.0363973
ctl 7 466 -0.0937106
ctl 7 467 -0.0562984
ctl 7 468 -0.0092729
ctl 7 469 0.0115026
ctl 7 470 0.0018064
ctl 7 471 -0.2700990
ctl 7 472 0.0000000
ctl 7 473 -0.2700990
ctl 7 474 0.0000000
ctl 7 475 0.0000000
ctl 7 476 -0.0473396
ctl 7 477 0.0000000
ctl 7 478 0.0000000
ctl 7 479 0.0035511
ctl 7 480 0.0069040
ctl 7 481 0.0126945
ctl 7 482 -0.0063022
ctl 7 483 -0.0079158
ctl 7 484 -0.2378237
ctl 7 485 0.0156399
ctl 7 486 0.0282611
ctl 7 487 0.0000000
ctl 7 488 -0.0149649
ctl 7 489 2.0000000
ctl 7 490 0.0000000
ctl 7 491 -0.0071139
ctl 7 492 0.0212955
ctl 7 493 0.0010526
ctl 7 494 0.0513468
ctl 7 495 0.0105827
ctl 7 496 0.0109458
ctl 7 497 0.0192435
ctl 7 498 0.0238884
ctl 7 499 0.0172076
ctl 7 500 -0.0302913
ctl 7 501 -0.0569373
ctl 7 502 -0.0021448
ctl 7 503 0.0347928
ctl 7 504 -0.0055334
ctl 7 505 0.0106049
ctl 7 506 0.0160980
ctl 7 507 0.0229280
ctl 7 508 0.0023998
ctl 7 509 0.0005138
ctl 7 510 0.0010702
ctl 7 511 0.0132962
ctl 7 512 0.0000000
ctl 7 513 0.0132962
ctl 7 514 0.0000000
ctl 7 515 0.0000000
ctl 7 516 -0.0082976
ctl 7 517 0.0000000
ctl 7 518 0.0000000
ctl 7 519 0.0013130
ctl 7 520 0.0069040
ctl 7 521 0.0126945
ctl 7 522 -0.0063022
ctl 7 523 -0.0079158
ctl 7 524 -0.2378237
ctl 7 525 0.0156399
ctl 7 526 0.0282611
ctl 7 527 0.0000000
ctl 7 528 -0.0149649
ctl 7 529 0.0000000
ctl 7 530 2.0000000
ctl 7 531 -0.0071139
ctl 7 532 0.0212955
ctl 7 533 0.0010526
ctl 7 534 0.0513468
ctl 7 535 0.0105827
ctl 7 536 0.0109458
ctl 7 537 0.0192435
ctl 7 538 0.0238884
ctl 7 539 0.0172076
ctl 7 540 -0.0302913
ctl 7 541 -0.0569373
ctl 7 542 -0.0021448
ctl 7 543 0.0347928
ctl 7 544 -0.0055334
ctl 7 545 0.0106049
ctl 7 546 0.0160980
ctl 7 547 0.0229280
ctl 7 548 0.0023998
ctl 7 549 0.0005138
ctl 7 550 0.0010702
ctl 7 551 0.0132962
ctl 7 552 0.0000000
ctl 7 553 0.0132962
ctl 7 554 0.0000000
ctl 7 555 0.0000000
ctl 7 556 -0.0082976
ctl 7 557 0.0000000
ctl 7 558 0.0000000
ctl 7 559 0.0013130
ctl 7 560 0.0432278
ctl 7 561 0.0293849
ctl 7 562 -0.0909386
ctl 7 563 0.0010900
ctl 7 564 -0.0124299
ctl 7 565 0.1040871
ctl 7 566 0.0531475
ctl 7 567 0.0000000
ctl 7 568 -0.0714733
ctl 7 569 0.0000000
ctl 7 570 0.0000000
ctl 7 571 1.0073763
ctl 7 572 -0.0151439
ctl 7 573 -0.0187797
ctl 7 574 0.0063345
ctl 7 575 0.0019387
ctl 7 576 -0.0210698
ctl 7 577 0.0178278
ctl 7 578 0.0543572
ctl 7 579 -0.0786013
ctl 7 580 0.2328504
ctl 7 581 -0.0355751
ctl 7 582 -0.0089049
ctl 7 583 0.0449898
ctl 7 584 0.0091415
ctl 7 585 0.0308572
ctl 7 586 0.0821176
ctl 7 587 0.0600251
ctl 7 588 -0.0011925
ctl 7 589 -0.0024851
ctl 7 590 -0.0007288
ctl 7 591 -0.0183261
ctl 7 592 0.0000000
ctl 7 593 -0.0183261
ctl 7 594 0.0000000
ctl 7 595 0.0000000
ctl 7 596 -0.0388974
ctl 7 597 0.0000000
ctl 7 598 0.0000000
ctl 7 599 0.0001915
ctl 7 600 -0.0122603
ctl 7 601 0.0104898
ctl 7 602 0.0100706
ctl 7 603 -0.0098919
ctl 7 604 0.0535206
ctl 7 605 -0.0923069
ctl 7 606 0.0311987
ctl 7 607 0.0000000
ctl 7 608 -0.0228987
ctl 7 609 0.0000000
ctl 7 610 0.0000000
ctl 7 611 -0.0040554
ctl 7 612 0.6486684
ctl 7 613 -0.0641246
ctl 7 614 0.0011842
ctl 7 615 0.0131283
ctl 7 616 0.0122902
ctl 7 617 0.0063898
ctl 7 618 0.0314902
ctl 7 619 -0.0249261
ctl 7 620 -0.0002688
ctl 7 621 0.2040548
ctl 7 622 -0.0013725
ctl 7 623 -0.1037876
ctl 7 624 -0.0218134
ctl 7 625 0.0132053
ctl 7 626 0.0495620
ctl 7 627 -0.0951114
ctl 7 628 0.0034765
ctl 7 629 0.0051535
ctl 7 630 -0.0001109
ctl 7 631 0.0083001
ctl 7 632 0.0000000
ctl 7 633 0.0083001
ctl 7 634 0.0000000
ctl 7 635 0.0000000
ctl 7 636 0.0059003
ctl 7 637 0.0000000
ctl 7 638 0.0000000
ctl 7 639 0.0005570
ctl 7 640 -0.1054563
ctl 7 641 -0.1194732
ctl 7 642 -0.1246128
ctl 7 643 0.2720929
ctl 7 644 0.0088935
ctl 7 645 0.2317499
ctl 7 646 -0.0401991
ctl 7 647 0.2761056
ctl 7 648 -0.0134334
ctl 7 649 -0.1004267
ctl 7 650 0.0132962
ctl 7 651 -0.2700990
ctl 7 652 0.0132962
ctl 7 653 0.0132962
ctl 7 654 -0.0183261
ctl 7 655 0.0083001
bot 8 0.158323 0.213344 0.139355 0.175999 0.312979
nn 8 0 0.8737045
nn 8 1 -0.2175608
nn 8 2 5.4842725
nn 8 3 0.3130271
nn 8 4 1.4485083
nn 8 5 1.8118367
nn 8 6 -1.7379183
nn 8 7 0.6359598
nn 8 8 1.7921628
nn 8 9 -0.2709042
nn 8 10 -4.1850948
nn 8 11 -4.1265421
nn 8 12 1.6895417
nn 8 13 2.8095932
nn 8 14 1.6785233
nn 8 15 0.2910574
nn 8 16 -1.5660685
nn 8 17 -0.1797242
nn 8 18 -2.2928302
nn 8 19 2.9491217
nn 8 20 6.8110304
nn 8 21 -0.8296561
nn 8 22 -1.1530094
nn 8 23 -1.2380288
nn 8 24 0.9718137
nn 8 25 -5.3387547
nn 8 26 -1.9188288
nn 8 27 1.7811806
nn 8 28 -3.1628797
nn 8 29 2.1458702
nn 8 30 0.8060699
nn 8 31 -1.4345750
nn 8 32 -4.0689845
nn 8 33 -0.8261139
nn 8 34 -0.4366064
nn 8 35 1.5869229
nn 8 36 3.5614610
nn 8 37 -2.6139157
nn 8 38 5.1295166
nn 8 39 2.3748529
nn 8 40 -3.4843466
nn 8 41 3.9053428
nn 8 42 -3.1425762
nn 8 43 2.0859468
nn 8 44 4.6095338
nn 8 45 -1.8747560
nn 8 46 -5.6636004
nn 8 47 -3.7852702
nn 8 48 0.9927999
nn 8 49 -2.4543109
nn 8 50 0.2499125
nn 8 51 1.1062810
nn 8 52 -5.9280558
nn 8 53 1.3428624
nn 8 54 1.2319378
nn 8 55 0.7777264
nn 8 56 -0.3231191
nn 8 57 -2.0270293
nn 8 58 -1.9787434
nn 8 59 0.2707503
nn 8 60 4.7547960
nn 8 61 -0.6932640
nn 8 62 5.0811114
nn 8 63 1.7235616
nn 8 64 -2.1689866
nn 8 65 2.9637859
nn 8 66 -4.7372046
nn 8 67 1.3580805
nn 8 68 0.8237997
nn 8 69 -1.2464892
nn 8 70 -1.7484915
nn 8 71 -8.1813593
nn 8 72 2.3954556
nn 8 73 -0.5546284
nn 8 74 0.7387198
nn 8 75 1.2896399
nn 8 76 0.1114731
nn 8 77 -0.1235638
nn 8 78 -0.8771649
nn 8 79 0.2804134
nn 8 80 -0.3960077
nn 8 81 -0.6485901
nn 8 82 -1.8750209
nn 8 83 0.3917246
nn 8 84 0.3824065
nn 8 85 -0.8634101
nn 8 86 -0.6014901
nn 8 87 2.1630170
nn 8 88 -2.8227909
nn 8 89 0.3221235
nn 8 90 -0.1858388
nn 8 91 2.9158049
nn 8 92 4.9193702
nn 8 93 -1.8821006
nn 8 94 -2.6793928
nn 8 95 0.3751132
nn 8 96 3.5525880
nn 8 97 -2.6634457
nn 8 98 5.1829729
nn 8 99 2.2893350
nn 8 100 -3.5293784
nn 8 101 3.8698046
nn 8 102 -3.1141734
nn 8 103 1.9740623
nn 8 104 4.6204925
nn 8 105 -1.8313044
nn 8 106 -5.7681546
nn 8 107 -3.9138815
nn 8 108 -1.5919772
nn 8 109 -0.2268471
nn 8 110 0.6647761
nn 8 111 -0.2526203
nn 8 112 1.1681935
nn 8 113 1.9410187
nn 8 114 1.8824619
nn 8 115 0.6399203
nn 8 116 -1.6306263
nn 8 117 -0.2182475
nn 8 118 -1.2968535
nn 8 119 0.8208501
nn 8 120 0.9928122
nn 8 121 4.4317083
nn 8 122 1.2745093
nn 8 123 -1.4659169
nn 8 124 -0.1408408
nn 8 125 -0.5307100
nn 8 126 -0.9396729
nn 8 127 -1.9644586
nn 8 128 -3.4666107
nn 8 129 -0.3594980
nn 8 130 0.9735575
nn 8 131 0.8375161
nn 8 132 -0.9607277
nn 8 133 -0.1229365
nn 8 134 -0.3225307
nn 8 135 -3.0309577
nn 8 136 -0.6820746
nn 8 137 -0.1752418
nn 8 138 -1.2324743
nn 8 139 1.3027369
nn 8 140 0.2877198
nn 8 141 -0.7913818
nn 8 142 -1.0261434
nn 8 143 2.7701833
nn 8 144 -0.8839520
nn 8 145 1.5053608
nn 8 146 -0.7698314
nn 8 147 0.5658020
nn 8 148 -0.0038439
nn 8 149 1.2329282
nn 8 150 3.5969000
nn 8 151 -3.0444560
nn 8 152 -0.2656989
nn 8 153 3.5047851
nn 8 154 0.3013865
nn 8 155 0.2887836
nn 8 156 1.1541516
nn 8 157 1.1338755
nn 8 158 -1.8540992
nn 8 159 -0.2027469
nn 8 160 -1.2320766
nn 8 161 0.2703538
nn 8 162 -0.3247817
nn 8 163 -0.7305325
nn 8 164 -3.3964105
nn 8 165 0.3917621
nn 8 166 -1.6571367
nn 8 167 2.1782098
nn 8 168 0.3556184
nn 8 169 -1.4727992
nn 8 170 -1.2898271
nn 8 171 0.0392756
nn 8 172 0.8372533
ctl 8 0 0.6876292
ctl 8 1 0.5210594
ctl 8 2 0.6423970
ctl 8 3 -0.0100051
ctl 8 4 0.0741785
ctl 8 5 0.0718137
ctl 8 6 -0.0058566
ctl 8 7 0.0000000
ctl 8 8 -0.1430503
ctl 8 9 0.0000000
ctl 8 10 0.0000000
ctl 8 11 0.0740543
ctl 8 12 -0.0179053
ctl 8 13 0.0494651
ctl 8 14 -0.1089969
ctl 8 15 -0.0468305
ctl 8 16 -0.1512613
ctl 8 17 -0.0789717
ctl 8 18 -0.0011855
ctl 8 19 -0.0628144
ctl 8 20 -0.0592285
ctl 8 21 0.0161434
ctl 8 22 0.0712651
ctl 8 23 -0.0463552
ctl 8 24 0.0232401
ctl 8 25 -0.0019409
ctl 8 26 -0.0570327
ctl 8 27 0.0821733
ctl 8 28 0.0012670
ctl 8 29 0.0011430
ctl 8 30 0.0021426
ctl 8 31 -0.1489071
ctl 8 32 0.0000000
ctl 8 33 -0.1489071
ctl 8 34 0.0000000
ctl 8 35 0.0000000
ctl 8 36 -0.0722900
ctl 8 37 0.0000000
ctl 8 38 0.0000000
ctl 8 39 0.0000000
ctl 8 40 0.5166949
ctl 8 41 0.8627010
ctl 8 42 0.5094208
ctl 8 43 -0.0015204
ctl 8 44 -0.0215306
ctl 8 45 -0.1257206
ctl 8 46 -0.1010977
ctl 8 47 0.0000000
ctl 8 48 -0.0100822
ctl 8 49 0.0000000
ctl 8 50 0.0000000
ctl 8 51 0.0250209
ctl 8 52 -0.0198837
ctl 8 53 -0.0550798
ctl 8 54 0.0242020
ctl 8 55 -0.0463704
ctl 8 56 -0.1155643
ctl 8 57 -0.0812149
ctl 8 58 -0.0981887
ctl 8 59 -0.0979975
ctl 8 60 -0.0033389
ctl 8 61 0.0601942
ctl 8 62 0.0002965
ctl 8 63 -0.0008745
ctl 8 64 -0.0544711
ctl 8 65 -0.0114339
ctl 8 66 0.0196833
ctl 8 67 -0.1687970
ctl 8 68 0.0008423
ctl 8 69 0.0098712
ctl 8 70 -0.0060000
ctl 8 71 -0.1111795
ctl 8 72 0.0000000
ctl 8 73 -0.1111795
ctl 8 74 0.0000000
ctl 8 75 0.0000000
ctl 8 76 -0.0343499
ctl 8 77 0.0000000
ctl 8 78 0.0000000
ctl 8 79 0.0000000
ctl 8 80 0.6578944
ctl 8 81 0.5447749
ctl 8 82 0.6986417
ctl 8 83 0.0082120
ctl 8 84 0.2376728
ctl 8 85 0.0290285
ctl 8 86 -0.0490280
ctl 8 87 0.0000000
ctl 8 88 -0.0496539
ctl 8 89 0.0000000
ctl 8 90 0.0000000
ctl 8 91 -0.1259587
ctl 8 92 0.0168369
ctl 8 93 0.0518411
ctl 8 94 -0.0561876
ctl 8 95 0.0101242
ctl 8 96 -0.0742328
ctl 8 97 -0.1241185
ctl 8 98 -0.0508824
ctl 8 99 -0.0539654
ctl 8 100 -0.0510671
ctl 8 101 0.0968681
ctl 8 102 -0.0546938
ctl 8 103 -0.0867046
ctl 8 104 0.0474572
ctl 8 105 -0.0229432
ctl 8 106 -0.0765655
ctl 8 107 0.0121452
ctl 8 108 -0.0025000
ctl 8 109 -0.0158654
ctl 8 110 0.0027111
ctl 8 111 -0.0986818
ctl 8 112 0.0000000
ctl 8 113 -0.0986818
ctl 8 114 0.0000000
ctl 8 115 0.0000000
ctl 8 116 0.0498852
ctl 8 117 0.0000000
ctl 8 118 0.0000000
ctl 8 119 0.0000000
ctl 8 120 -0.1208898
ctl 8 121 0.0270198
ctl 8 122 -0.0668079
ctl 8 123 -0.0726906
ctl 8 124 0.9407555
ctl 8 125 -0.0321444
ctl 8 126 -0.1515103
ctl 8 127 0.0000000
ctl 8 128 -0.0091676
ctl 8 129 0.0000000
ctl 8 130 0.0000000
ctl 8 131 -0.0132377
ctl 8 132 0.0147354
ctl 8 133 0.1014117
ctl 8 134 -0.2809324
ctl 8 135 -0.1141951
ctl 8 136 -0.1503965
ctl 8 137 -0.2697119
ctl 8 138 -0.1387800
ctl 8 139 -0.1850064
ctl 8 140 -0.1644711
ctl 8 141 0.3675345
ctl 8 142 0.0306494
ctl 8 143 -0.1864900
ctl 8 144 0.0600250
ctl 8 145 -0.0246454
ctl 8 146 0.0092593
ctl 8 147 -0.1316172
ctl 8 148 -0.0019592
ctl 8 149 -0.0153152
ctl 8 150 -0.0049973
ctl 8 151 -0.1606777
ctl 8 152 0.0000000
ctl 8 153 -0.1606777
ctl 8 154 0.0000000
ctl 8 155 0.0000000
ctl 8 156 0.1193155
ctl 8 157 0.0000000
ctl 8 158 0.0000000
ctl 8 159 0.4000000
ctl 8 160 0.0259231
ctl 8 161 -0.0061887
ctl 8 162 0.0025760
ctl 8 163 1.9260710
ctl 8 164 -0.1956056
ctl 8 165 0.0041681
ctl 8 166 0.0334278
ctl 8 167 0.0000000
ctl 8 168 -0.0111173
ctl 8 169 0.0000000
ctl 8 170 0.0000000
ctl 8 171 0.0076131
ctl 8 172 -0.0018484
ctl 8 173 -0.0592342
ctl 8 174 0.0615017
ctl 8 175 0.0201964
ctl 8 176 0.0207784
ctl 8 177 0.0455315
ctl 8 178 0.0307819
ctl 8 179 0.0282278
ctl 8 180 0.0277041
ctl 8 181 -0.0884710
ctl 8 182 -0.0076365
ctl 8 183 0.0055428
ctl 8 184 -0.0277783
ctl 8 185 0.0028391
ctl 8 186 0.0057372
ctl 8 187 0.0252074
ctl 8 188 0.0004952
ctl 8 189 0.0028256
ctl 8 190 0.0012913
ctl 8 191 0.0223105
ctl 8 192 0.0000000
ctl 8 193 0.0223105
ctl 8 194 0.0000000
ctl 8 195 0.0000000
ctl 8 196 -0.0247531
ctl 8 197 0.0000000
ctl 8 198 0.0000000
ctl 8 199 0.0000000
ctl 8 200 -0.0793936
ctl 8 201 -0.0153244
ctl 8 202 -0.0768827
ctl 8 203 0.0029075
ctl 8 204 0.4096977
ctl 8 205 -0.0254372
ctl 8 206 0.0105654
ctl 8 207 0.0000000
ctl 8 208 -0.1821662
ctl 8 209 0.0000000
ctl 8 210 0.0000000
ctl 8 211 0.0303845
ctl 8 212 0.0787071
ctl 8 213 0.0363162
ctl 8 214 -0.1734964
ctl 8 215 -0.0564523
ctl 8 216 -0.1618918
ctl 8 217 -0.1697863
ctl 8 218 0.0259609
ctl 8 219 -0.1320263
ctl 8 220 -0.0575200
ctl 8 221 0.2292044
ctl 8 222 -0.0059046
ctl 8 223 -0.1229828
ctl 8 224 -0.0017812
ctl 8 225 -0.0177929
ctl 8 226 -0.0395114
ctl 8 227 -0.0694740
ctl 8 228 -0.0009402
ctl 8 229 -0.0107836
ctl 8 230 -0.0024723
ctl 8 231 -0.1716007
ctl 8 232 0.0000000
ctl 8 233 -0.1716007
ctl 8 234 0.0000000
ctl 8 235 0.0000000
ctl 8 236 0.0078945
ctl 8 237 0.0000000
ctl 8 238 0.0000000
ctl 8 239 0.4000000
ctl 8 240 -0.0082291
ctl 8 241 -0.0650736
ctl 8 242 0.0271937
ctl 8 243 -0.0177034
ctl 8 244 1.0531536
ctl 8 245 0.0006097
ctl 8 246 -0.2640999
ctl 8 247 0.0000000
ctl 8 248 0.2179914
ctl 8 249 0.0000000
ctl 8 250 0.0000000
ctl 8 251 -0.0364307
ctl 8 252 -0.1060961
ctl 8 253 -0.0484679
ctl 8 254 0.2411579
ctl 8 255 0.1202270
ctl 8 256 -0.0457913
ctl 8 257 0.0876326
ctl 8 258 -0.2872720
ctl 8 259 0.0375381
ctl 8 260 0.0418868
ctl 8 261 -0.1087112
ctl 8 262 0.0166753
ctl 8 263 0.0672910
ctl 8 264 0.0084426
ctl 8 265 -0.0154265
ctl 8 266 -0.0811221
ctl 8 267 0.0989359
ctl 8 268 0.0013625
ctl 8 269 0.0156370
ctl 8 270 0.0034734
ctl 8 271 -0.0461085
ctl 8 272 0.0000000
ctl 8 273 -0.0461085
ctl 8 274 0.0000000
ctl 8 275 0.0000000
ctl 8 276 -0.1334240
ctl 8 277 0.0000000
ctl 8 278 0.0000000
ctl 8 279 0.0000000
ctl 8 280 -0.1396462
ctl 8 281 0.1217740
ctl 8 282 -0.0711494
ctl 8 283 0.0096515
ctl 8 284 0.5397040
ctl 8 285 0.0115552
ctl 8 286 -0.0990002
ctl 8 287 0.0000000
ctl 8 288 0.0099785
ctl 8 289 0.0000000
ctl 8 290 0.0000000
ctl 8 291 0.0503973
ctl 8 292 0.1378163
ctl 8 293 -0.0402460
ctl 8 294 -0.2635437
ctl 8 295 0.2085169
ctl 8 296 -0.0806253
ctl 8 297 0.0053137
ctl 8 298 -0.0878752
ctl 8 299 -0.0271205
ctl 8 300 -0.0859197
ctl 8 301 0.2898556
ctl 8 302 0.0457461
ctl 8 303 -0.2916182
ctl 8 304 -0.0739105
ctl 8 305 -0.0894835
ctl 8 306 -0.1840557
ctl 8 307 0.2281943
ctl 8 308 0.0010209
ctl 8 309 0.0083703
ctl 8 310 0.0030082
ctl 8 311 -0.0890215
ctl 8 312 0.0000000
ctl 8 313 -0.0890215
ctl 8 314 0.0000000
ctl 8 315 0.0000000
ctl 8 316 -0.0859390
ctl 8 317 0.0000000
ctl 8 318 0.0000000
ctl 8 319 0.4000000
ctl 8 320 0.0510085
ctl 8 321 -0.1404765
ctl 8 322 0.0359289
ctl 8 323 -0.0021191
ctl 8 324 0.1560054
ctl 8 325 0.8922350
ctl 8 326 0.0617213
ctl 8 327 0.0000000
ctl 8 328 -0.1152602
ctl 8 329 0.0000000
ctl 8 330 0.0000000
ctl 8 331 -0.0560894
ctl 8 332 -0.0176127
ctl 8 333 0.0760664
ctl 8 334 0.1323156
ctl 8 335 -0.4354025
ctl 8 336 -0.0614554
ctl 8 337 -0.0844086
ctl 8 338 0.0502913
ctl 8 339 0.0825256
ctl 8 340 0.0984151
ctl 8 341 -0.0248533
ctl 8 342 0.0406552
ctl 8 343 0.1703241
ctl 8 344 0.0167109
ctl 8 345 -0.2120626
ctl 8 346 -0.1229555
ctl 8 347 -0.5003224
ctl 8 348 -0.0025000
ctl 8 349 -0.0240000
ctl 8 350 -0.0060000
ctl 8 351 -0.0535393
ctl 8 352 0.0000000
ctl 8 353 -0.0535393
ctl 8 354 0.0000000
ctl 8 355 0.0000000
ctl 8 356 0.0229533
ctl 8 357 0.0000000
ctl 8 358 0.0000000
ctl 8 359 0.0000000
ctl 8 360 -0.0565859
ctl 8 361 -0.0144131
ctl 8 362 -0.0386678
ctl 8 363 -0.0054419
ctl 8 364 -0.1038949
ctl 8 365 0.0000397
ctl 8 366 1.3969210
ctl 8 367 0.0000000
ctl 8 368 0.4934097
ctl 8 369 0.0000000
ctl 8 370 0.0000000
ctl 8 371 0.0104539
ctl 8 372 0.0271172
ctl 8 373 0.0258729
ctl 8 374 -0.0674972
ctl 8 375 -0.0086767
ctl 8 376 -0.1158247
ctl 8 377 -0.1013160
ctl 8 378 -0.5730762
ctl 8 379 -0.0771049
ctl 8 380 -0.0618078
ctl 8 381 0.0503186
ctl 8 382 0.0145309
ctl 8 383 -0.0888769
ctl 8 384 -0.0109077
ctl 8 385 -0.0137482
ctl 8 386 -0.0590655
ctl 8 387 -0.0561694
ctl 8 388 0.0009623
ctl 8 389 -0.0010262
ctl 8 390 0.0013471
ctl 8 391 -0.1096667
ctl 8 392 0.0000000
ctl 8 393 -0.1096667
ctl 8 394 0.0000000
ctl 8 395 0.0000000
ctl 8 396 -0.0145089
ctl 8 397 0.0000000
ctl 8 398 0.0000000
ctl 8 399 0.0000000
ctl 8 400 0.0174471
ctl 8 401 -0.0061951
ctl 8 402 0.0096285
ctl 8 403 0.0009641
ctl 8 404 -0.2191614
ctl 8 405 0.0150272
ctl 8 406 0.0312044
ctl 8 407 2.0000000
ctl 8 408 -0.0103240
ctl 8 409 0.0000000
ctl 8 410 0.0000000
ctl 8 411 0.0081180
ctl 8 412 0.0132549
ctl 8 413 -0.0170477
ctl 8 414 0.0534302
ctl 8 415 0.0255065
ctl 8 416 0.0192402
ctl 8 417 0.0424584
ctl 8 418 0.0287671
ctl 8 419 0.0271952
ctl 8 420 0.0294004
ctl 8 421 -0.0685183
ctl 8 422 -0.0085189
ctl 8 423 0.0373609
ctl 8 424 -0.0115231
ctl 8 425 0.0101905
ctl 8 426 -0.0027830
ctl 8 427 0.0279533
ctl 8 428 0.0004924
ctl 8 429 0.0037131
ctl 8 430 0.0011593
ctl 8 431 0.0208804
ctl 8 432 0.0000000
ctl 8 433 0.0208804
ctl 8 434 0.0000000
ctl 8 435 0.0000000
ctl 8 436 -0.0232182
ctl 8 437 0.0000000
ctl 8 438 0.0000000
ctl 8 439 0.0000000
ctl 8 440 -0.1021269
ctl 8 441 -0.0627193
ctl 8 442 -0.1144238
ctl 8 443 -0.0005192
ctl 8 444 0.7461416
ctl 8 445 -0.0438745
ctl 8 446 0.3930391
ctl 8 447 0.0000000
ctl 8 448 1.3276786
ctl 8 449 0.0000000
ctl 8 450 0.0000000
ctl 8 451 -0.0182110
ctl 8 452 -0.0540520
ctl 8 453 0.0213115
ctl 8 454 -0.1771719
ctl 8 455 -0.1048642
ctl 8 456 -0.2490771
ctl 8 457 -0.2356131
ctl 8 458 0.3663041
ctl 8 459 -0.1782507
ctl 8 460 -0.0913571
ctl 8 461 0.2038105
ctl 8 462 0.0051879
ctl 8 463 -0.0777251
ctl 8 464 0.0322856
ctl 8 465 -0.0416472
ctl 8 466 -0.0464345
ctl 8 467 -0.0695302
ctl 8 468 -0.0024174
ctl 8 469 -0.0110342
ctl 8 470 -0.0057467
ctl 8 471 -0.2792702
ctl 8 472 0.0000000
ctl 8 473 -0.2792702
ctl 8 474 0.0000000
ctl 8 475 0.0000000
ctl 8 476 -0.0134645
ctl 8 477 0.0000000
ctl 8 478 0.0000000
ctl 8 479 0.0000000
ctl 8 480 0.0174471
ctl 8 481 -0.0061951
ctl 8 482 0.0096285
ctl 8 483 0.0009641
ctl 8 484 -0.2191614
ctl 8 485 0.0150272
ctl 8 486 0.0312044
ctl 8 487 0.0000000
ctl 8 488 -0.0103240
ctl 8 489 2.0000000
ctl 8 490 0.0000000
ctl 8 491 0.0081180
ctl 8 492 0.0132549
ctl 8 493 -0.0170477
ctl 8 494 0.0534302
ctl 8 495 0.0255065
ctl 8 496 0.0192402
ctl 8 497 0.0424584
ctl 8 498 0.0287671
ctl 8 499 0.0271952
ctl 8 500 0.0294004
ctl 8 501 -0.0685183
ctl 8 502 -0.0085189
ctl 8 503 0.0373609
ctl 8 504 -0.0115231
ctl 8 505 0.0101905
ctl 8 506 -0.0027830
ctl 8 507 0.0279533
ctl 8 508 0.0004924
ctl 8 509 0.0037131
ctl 8 510 0.0011593
ctl 8 511 0.0208804
ctl 8 512 0.0000000
ctl 8 513 0.0208804
ctl 8 514 0.0000000
ctl 8 515 0.0000000
ctl 8 516 -0.0232182
ctl 8 517 0.0000000
ctl 8 518 0.0000000
ctl 8 519 0.0000000
ctl 8 520 0.0174471
ctl 8 521 -0.0061951
ctl 8 522 0.0096285
ctl 8 523 0.0009641
ctl 8 524 -0.2191614
ctl 8 525 0.0150272
ctl 8 526 0.0312044
ctl 8 527 0.0000000
ctl 8 528 -0.0103240
ctl 8 529 0.0000000
ctl 8 530 2.0000000
ctl 8 531 0.0081180
ctl 8 532 0.0132549
ctl 8 533 -0.0170477
ctl 8 534 0.0534302
ctl 8 535 0.0255065
ctl 8 536 0.0192402
ctl 8 537 0.0424584
ctl 8 538 0.0287671
ctl 8 539 0.0271952
ctl 8 540 0.0294004
ctl 8 541 -0.0685183
ctl 8 542 -0.0085189
ctl 8 543 0.0373609
ctl 8 544 -0.0115231
ctl 8 545 0.0101905
ctl 8 546 -0.0027830
ctl 8 547 0.0279533
ctl 8 548 0.0004924
ctl 8 549 0.0037131
ctl 8 550 0.0011593
ctl 8 551 0.0208804
ctl 8 552 0.0000000
ctl 8 553 0.0208804
ctl 8 554 0.0000000
ctl 8 555 0.0000000
ctl 8 556 -0.0232182
ctl 8 557 0.0000000
ctl 8 558 0.0000000
ctl 8 559 0.0000000
ctl 8 560 0.0981932
ctl 8 561 -0.0289350
ctl 8 562 -0.0456999
ctl 8 563 0.0001673
ctl 8 564 0.0225908
ctl 8 565 -0.1038009
ctl 8 566 -0.0793197
ctl 8 567 0.0000000
ctl 8 568 0.1028779
ctl 8 569 0.0000000
ctl 8 570 0.0000000
ctl 8 571 0.9502712
ctl 8 572 0.0180806
ctl 8 573 -0.0076649
ctl 8 574 0.0120855
ctl 8 575 0.0006973
ctl 8 576 0.0287613
ctl 8 577 -0.0198397
ctl 8 578 -0.0763228
ctl 8 579 0.0934729
ctl 8 580 0.2341025
ctl 8 581 0.0248705
ctl 8 582 -0.0112746
ctl 8 583 -0.0380121
ctl 8 584 -0.0078684
ctl 8 585 -0.0356484
ctl 8 586 -0.1010670
ctl 8 587 -0.0325025
ctl 8 588 0.0001257
ctl 8 589 -0.0004242
ctl 8 590 -0.0010766
ctl 8 591 0.0235582
ctl 8 592 0.0000000
ctl 8 593 0.0235582
ctl 8 594 0.0000000
ctl 8 595 0.0000000
ctl 8 596 0.0486011
ctl 8 597 0.0000000
ctl 8 598 0.0000000
ctl 8 599 0.0000000
ctl 8 600 0.0078912
ctl 8 601 0.0076698
ctl 8 602 -0.0133098
ctl 8 603 -0.0021410
ctl 8 604 0.0645244
ctl 8 605 -0.0740263
ctl 8 606 0.0197882
ctl 8 607 0.0000000
ctl 8 608 -0.0175369
ctl 8 609 0.0000000
ctl 8 610 0.0000000
ctl 8 611 0.0142088
ctl 8 612 0.5617703
ctl 8 613 -0.0537263
ctl 8 614 0.0046402
ctl 8 615 0.0192022
ctl 8 616 0.0082932
ctl 8 617 0.0134773
ctl 8 618 0.0173690
ctl 8 619 -0.0317564
ctl 8 620 0.0005772
ctl 8 621 0.1683811
ctl 8 622 0.0092388
ctl 8 623 -0.0870997
ctl 8 624 -0.0239985
ctl 8 625 0.0159807
ctl 8 626 0.0384614
ctl 8 627 -0.0662481
ctl 8 628 0.0017493
ctl 8 629 0.0016565
ctl 8 630 -0.0003779
ctl 8 631 0.0022513
ctl 8 632 0.0000000
ctl 8 633 0.0022513
ctl 8 634 0.0000000
ctl 8 635 0.0000000
ctl 8 636 -0.0051841
ctl 8 637 0.0000000
ctl 8 638 0.0000000
ctl 8 639 0.0000000
ctl 8 640 -0.1489071
ctl 8 641 -0.1111795
ctl 8 642 -0.0986818
ctl 8 643 0.2393218
ctl 8 644 0.0223105
ctl 8 645 0.2283991
ctl 8 646 -0.0461085
ctl 8 647 0.3109778
ctl 8 648 -0.0535393
ctl 8 649 -0.1096667
ctl 8 650 0.0208804
ctl 8 651 -0.2792702
ctl 8 652 0.0208804
ctl 8 653 0.0208804
ctl 8 654 0.0235582
ctl 8 655 0.0022513
bot 9 0.298804 0.166138 0.127059 0.169952 0.238047
nn 9 0 0.2616124
nn 9 1 -0.6512908
nn 9 2 -1.1109955
nn 9 3 2.5108061
nn 9 4 -6.3517256
nn 9 5 0.2136438
nn 9 6 -4.0726519
nn 9 7 4.1085157
nn 9 8 2.2029617
nn 9 9 10.0000000
nn 9 10 -0.9967216
nn 9 11 1.1746817
nn 9 12 2.2858193
nn 9 13 -5.0337725
nn 9 14 -1.7137649
nn 9 15 -2.4184947
nn 9 16 0.5469791
nn 9 17 2.3135934
nn 9 18 2.7468400
nn 9 19 -0.4672889
nn 9 20 -0.0584264
nn 9 21 3.6854420
nn 9 22 -0.8850742
nn 9 23 2.3411627
nn 9 24 0.2221729
nn 9 25 0.5097214
nn 9 26 -1.5537684
nn 9 27 -2.7222917
nn 9 28 1.5614320
nn 9 29 1.0578574
nn 9 30 -2.5610163
nn 9 31 -0.6128449
nn 9 32 0.0390346
nn 9 33 -6.1253648
nn 9 34 -1.0109366
nn 9 35 0.9977076
nn 9 36 2.9024208
nn 9 37 -5.2898688
nn 9 38 -4.3889709
nn 9 39 -2.8338881
nn 9 40 -4.1159949
nn 9 41 3.6671870
nn 9 42 -3.9513850
nn 9 43 3.1037192
nn 9 44 2.2354670
nn 9 45 3.5997260
nn 9 46 -2.9004326
nn 9 47 4.5245032
nn 9 48 1.7589073
nn 9 49 1.8445476
nn 9 50 -3.7448194
nn 9 51 -2.6478016
nn 9 52 0.3238973
nn 9 53 0.9170887
nn 9 54 -3.0913336
nn 9 55 -0.7490883
nn 9 56 2.3079157
nn 9 57 6.4967375
nn 9 58 -1.4224864
nn 9 59 -1.4038770
nn 9 60 0.1022172
nn 9 61 -1.1179687
nn 9 62 -2.5520840
nn 9 63 -3.7194023
nn 9 64 -0.3973086
nn 9 65 -0.2821121
nn 9 66 -3.1106801
nn 9 67 7.4918108
nn 9 68 2.2501488
nn 9 69 8.9407768
nn 9 70 -1.6772908
nn 9 71 1.1380163
nn 9 72 -0.1106549
nn 9 73 2.1718571
nn 9 74 0.4973464
nn 9 75 -1.5512569
nn 9 76 -1.6142943
nn 9 77 -0.5426348
nn 9 78 0.1316192
nn 9 79 4.8735304
nn 9 80 -0.1780694
nn 9 81 6.0498958
nn 9 82 -0.1437494
nn 9 83 -0.2752850
nn 9 84 0.0390469
nn 9 85 -2.8219864
nn 9 86 3.0937943
nn 9 87 -0.3111925
nn 9 88 -1.9667363
nn 9 89 4.4975233
nn 9 90 -0.1583434
nn 9 91 -1.5869218
nn 9 92 2.5782738
nn 9 93 7.0216322
nn 9 94 -0.2208008
nn 9 95 3.0858476
nn 9 96 2.8393428
nn 9 97 -5.2063594
nn 9 98 -4.4651361
nn 9 99 -2.8616133
nn 9 100 -4.2073698
nn 9 101 3.6754599
nn 9 102 -4.0552568
nn 9 103 3.1715636
nn 9 104 2.2389815
nn 9 105 3.5641539
nn 9 106 -3.0137725
nn 9 107 4.5763326
nn 9 108 -0.5799381
nn 9 109 -0.0078878
nn 9 110 0.2679353
nn 9 111 1.3940532
nn 9 112 0.8431222
nn 9 113 -2.6627536
nn 9 114 -1.9017406
nn 9 115 0.1664797
nn 9 116 1.8010244
nn 9 117 1.6832292
nn 9 118 0.4999974
nn 9 119 4.3902664
nn 9 120 -2.3826134
nn 9 121 -1.5235474
nn 9 122 0.1893155
nn 9 123 1.7601016
nn 9 124 -1.6481024
nn 9 125 1.3740977
nn 9 126 -0.7835700
nn 9 127 -1.9308345
nn 9 128 1.0805181
nn 9 129 0.3627855
nn 9 130 -1.9285082
nn 9 131 0.1075836
nn 9 132 -0.4140496
nn 9 133 1.3416750
nn 9 134 -1.4911631
nn 9 135 -2.3812962
nn 9 136 0.1462733
nn 9 137 0.9934026
nn 9 138 -0.1504628
nn 9 139 1.9385253
nn 9 140 0.8317180
nn 9 141 2.1001606
nn 9 142 2.9773521
nn 9 143 1.0567185
nn 9 144 0.5841370
nn 9 145 0.9684942
nn 9 146 0.7297550
nn 9 147 0.7952858
nn 9 148 -0.6157920
nn 9 149 -1.5471439
nn 9 150 -1.0182642
nn 9 151 -1.2947930
nn 9 152 -0.0155149
nn 9 153 0.0830979
nn 9 154 -1.2570932
nn 9 155 -0.1640782
nn 9 156 0.1910487
nn 9 157 -0.2233198
nn 9 158 -0.1777532
nn 9 159 -1.8584533
nn 9 160 -0.5933238
nn 9 161 -2.3355851
nn 9 162 0.2746329
nn 9 163 0.4893105
nn 9 164 5.1908789
nn 9 165 1.8797065
nn 9 166 -0.1058748
nn 9 167 0.4810269
nn 9 168 -0.7874208
nn 9 169 0.3073213
nn 9 170 -1.5250307
nn 9 171 -0.9052472
nn 9 172 0.2991199
ctl 9 0 0.6227091
ctl 9 1 0.5983587
ctl 9 2 0.6571820
ctl 9 3 0.0240039
ctl 9 4 0.4857952
ctl 9 5 0.0632599
ctl 9 6 -0.1036130
ctl 9 7 0.0000000
ctl 9 8 -0.0181311
ctl 9 9 0.0000000
ctl 9 10 0.0000000
ctl 9 11 -0.0217467
ctl 9 12 0.0138979
ctl 9 13 0.0720180
ctl 9 14 -0.0936981
ctl 9 15 -0.0539103
ctl 9 16 -0.0879482
ctl 9 17 -0.1196312
ctl 9 18 -0.1073256
ctl 9 19 -0.0603002
ctl 9 20 -0.0156242
ctl 9 21 0.0765086
ctl 9 22 0.0102505
ctl 9 23 -0.0653255
ctl 9 24 -0.0073115
ctl 9 25 -0.0515616
ctl 9 26 -0.0415828
ctl 9 27 0.0410345
ctl 9 28 -0.0120000
ctl 9 29 -0.0182149
ctl 9 30 0.0078690
ctl 9 31 -0.1217440
ctl 9 32 0.0000000
ctl 9 33 -0.1217440
ctl 9 34 0.0000000
ctl 9 35 0.0000000
ctl 9 36 0.0316823
ctl 9 37 0.0000000
ctl 9 38 -0.0054401
ctl 9 39 0.0000000
ctl 9 40 0.6157054
ctl 9 41 0.6392507
ctl 9 42 0.6263458
ctl 9 43 0.0157126
ctl 9 44 -0.0487395
ctl 9 45 -0.0890434
ctl 9 46 -0.0232966
ctl 9 47 0.0000000
ctl 9 48 -0.0953963
ctl 9 49 0.0000000
ctl 9 50 0.0000000
ctl 9 51 0.0073891
ctl 9 52 -0.0241399
ctl 9 53 -0.0308043
ctl 9 54 -0.0346824
ctl 9 55 -0.0381179
ctl 9 56 -0.1170451
ctl 9 57 -0.0656514
ctl 9 58 -0.0320752
ctl 9 59 -0.1247804
ctl 9 60 0.0274897
ctl 9 61 0.0291874
ctl 9 62 -0.0077491
ctl 9 63 -0.0094738
ctl 9 64 -0.0145046
ctl 9 65 0.0205647
ctl 9 66 0.0102130
ctl 9 67 -0.2419525
ctl 9 68 0.0056887
ctl 9 69 0.0173443
ctl 9 70 -0.0041215
ctl 9 71 -0.1186923
ctl 9 72 0.0000000
ctl 9 73 -0.1186923
ctl 9 74 0.0000000
ctl 9 75 0.0000000
ctl 9 76 -0.0513942
ctl 9 77 0.0000000
ctl 9 78 0.0026834
ctl 9 79 0.0000000
ctl 9 80 0.6273722
ctl 9 81 0.6460886
ctl 9 82 0.6009735
ctl 9 83 -0.0171827
ctl 9 84 -0.0428683
ctl 9 85 0.0168227
ctl 9 86 -0.0252007
ctl 9 87 0.0000000
ctl 9 88 -0.1003568
ctl 9 89 0.0000000
ctl 9 90 0.0000000
ctl 9 91 -0.0024407
ctl 9 92 -0.0219419
ctl 9 93 -0.0056034
ctl 9 94 -0.0521140
ctl 9 95 0.0201672
ctl 9 96 -0.1199440
ctl 9 97 -0.0694247
ctl 9 98 -0.0083025
ctl 9 99 -0.0515350
ctl 9 100 0.0470493
ctl 9 101 0.0341641
ctl 9 102 -0.0291075
ctl 9 103 0.0179749
ctl 9 104 0.0147007
ctl 9 105 -0.0332157
ctl 9 106 -0.0645481
ctl 9 107 0.1039214
ctl 9 108 0.0047642
ctl 9 109 -0.0030102
ctl 9 110 0.0048944
ctl 9 111 -0.1255575
ctl 9 112 0.0000000
ctl 9 113 -0.1255575
ctl 9 114 0.0000000
ctl 9 115 0.0000000
ctl 9 116 -0.0505194
ctl 9 117 0.0000000
ctl 9 118 0.0016191
ctl 9 119 0.0000000
ctl 9 120 -0.0358237
ctl 9 121 -0.0204271
ctl 9 122 -0.1211722
ctl 9 123 -0.1099181
ctl 9 124 1.0478065
ctl 9 125 -0.0784772
ctl 9 126 -0.1447178
ctl 9 127 0.0000000
ctl 9 128 -0.0327056
ctl 9 129 0.0000000
ctl 9 130 0.0000000
ctl 9 131 -0.0217971
ctl 9 132 -0.0256169
ctl 9 133 0.0998623
ctl 9 134 -0.3258431
ctl 9 135 -0.0920395
ctl 9 136 -0.1507089
ctl 9 137 -0.2232596
ctl 9 138 -0.1378470
ctl 9 139 -0.1972401
ctl 9 140 0.0898092
ctl 9 141 0.2233438
ctl 9 142 -0.0729572
ctl 9 143 -0.0491130
ctl 9 144 0.0012215
ctl 9 145 -0.0599389
ctl 9 146 -0.0093164
ctl 9 147 -0.1591345
ctl 9 148 -0.0073548
ctl 9 149 -0.0093169
ctl 9 150 0.0186389
ctl 9 151 -0.1774232
ctl 9 152 0.0000000
ctl 9 153 -0.1774232
ctl 9 154 0.0000000
ctl 9 155 0.0000000
ctl 9 156 0.0725506
ctl 9 157 0.0000000
ctl 9 158 0.0045988
ctl 9 159 0.4000000
ctl 9 160 -0.0059397
ctl 9 161 0.0017082
ctl 9 162 0.0274772
ctl 9 163 1.8792099
ctl 9 164 -0.2016552
ctl 9 165 0.0305396
ctl 9 166 0.0291785
ctl 9 167 0.0000000
ctl 9 168 -0.0059328
ctl 9 169 0.0000000
ctl 9 170 0.0000000
ctl 9 171 -0.0082030
ctl 9 172 0.0004695
ctl 9 173 -0.0677274
ctl 9 174 0.0643503
ctl 9 175 0.0254960
ctl 9 176 0.0153972
ctl 9 177 0.0221948
ctl 9 178 0.0276995
ctl 9 179 0.0335840
ctl 9 180 -0.0050652
ctl 9 181 -0.0416732
ctl 9 182 0.0264423
ctl 9 183 -0.0384113
ctl 9 184 -0.0052435
ctl 9 185 0.0166222
ctl 9 186 0.0155178
ctl 9 187 0.0222276
ctl 9 188 0.0019509
ctl 9 189 -0.0040386
ctl 9 190 -0.0064418
ctl 9 191 0.0232457
ctl 9 192 0.0000000
ctl 9 193 0.0232457
ctl 9 194 0.0000000
ctl 9 195 0.0000000
ctl 9 196 -0.0067976
ctl 9 197 0.0000000
ctl 9 198 -0.0060000
ctl 9 199 0.0000000
ctl 9 200 -0.0887511
ctl 9 201 -0.0362331
ctl 9 202 -0.0516639
ctl 9 203 0.0304516
ctl 9 204 0.5142320
ctl 9 205 -0.0396038
ctl 9 206 0.0010105
ctl 9 207 0.0000000
ctl 9 208 -0.1776592
ctl 9 209 0.0000000
ctl 9 210 0.0000000
ctl 9 211 0.0027397
ctl 9 212 0.0265067
ctl 9 213 0.0136633
ctl 9 214 -0.2248920
ctl 9 215 -0.0428835
ctl 9 216 -0.1548731
ctl 9 217 -0.1203567
ctl 9 218 0.0091738
ctl 9 219 -0.1666123
ctl 9 220 0.0665647
ctl 9 221 0.1501481
ctl 9 222 -0.0042457
ctl 9 223 -0.0094362
ctl 9 224 -0.0036000
ctl 9 225 -0.0134281
ctl 9 226 -0.0122559
ctl 9 227 -0.1029319
ctl 9 228 -0.0031455
ctl 9 229 -0.0133237
ctl 9 230 0.0184044
ctl 9 231 -0.1766487
ctl 9 232 0.0000000
ctl 9 233 -0.1766487
ctl 9 234 0.0000000
ctl 9 235 0.0000000
ctl 9 236 -0.0345163
ctl 9 237 0.0000000
ctl 9 238 -0.0005580
ctl 9 239 0.4000000
ctl 9 240 0.0530516
ctl 9 241 -0.0458222
ctl 9 242 -0.0584068
ctl 9 243 -0.0233922
ctl 9 244 0.9093590
ctl 9 245 0.0156531
ctl 9 246 -0.2507941
ctl 9 247 0.0000000
ctl 9 248 0.1996178
ctl 9 249 0.0000000
ctl 9 250 0.0000000
ctl 9 251 0.0211233
ctl 9 252 -0.0782582
ctl 9 253 -0.0025454
ctl 9 254 0.2385463
ctl 9 255 0.1471430
ctl 9 256 -0.0403447
ctl 9 257 0.0681420
ctl 9 258 -0.2627827
ctl 9 259 0.0822908
ctl 9 260 -0.0968712
ctl 9 261 -0.0982598
ctl 9 262 -0.0037999
ctl 9 263 0.0081793
ctl 9 264 -0.0227034
ctl 9 265 -0.0617897
ctl 9 266 -0.0896021
ctl 9 267 0.1020514
ctl 9 268 0.0049767
ctl 9 269 0.0183849
ctl 9 270 -0.0012125
ctl 9 271 -0.0511770
ctl 9 272 0.0000000
ctl 9 273 -0.0511770
ctl 9 274 0.0000000
ctl 9 275 0.0000000
ctl 9 276 -0.1084863
ctl 9 277 0.0000000
ctl 9 278 -0.0005266
ctl 9 279 0.0000000
ctl 9 280 -0.0883077
ctl 9 281 0.1547909
ctl 9 282 -0.1544800
ctl 9 283 0.0016804
ctl 9 284 0.5867657
ctl 9 285 -0.0088428
ctl 9 286 -0.0963474
ctl 9 287 0.0000000
ctl 9 288 0.0083507
ctl 9 289 0.0000000
ctl 9 290 0.0000000
ctl 9 291 -0.0124383
ctl 9 292 0.0594731
ctl 9 293 -0.0516638
ctl 9 294 -0.2323729
ctl 9 295 0.2406744
ctl 9 296 -0.0567116
ctl 9 297 0.0528626
ctl 9 298 -0.0873616
ctl 9 299 -0.0062136
ctl 9 300 0.0180824
ctl 9 301 0.1946458
ctl 9 302 -0.1196296
ctl 9 303 -0.1161300
ctl 9 304 -0.0674644
ctl 9 305 -0.0872433
ctl 9 306 -0.2656904
ctl 9 307 0.3580245
ctl 9 308 0.0048236
ctl 9 309 0.0184099
ctl 9 310 0.0074074
ctl 9 311 -0.0879968
ctl 9 312 0.0000000
ctl 9 313 -0.0879968
ctl 9 314 0.0000000
ctl 9 315 0.0000000
ctl 9 316 -0.1095743
ctl 9 317 0.0000000
ctl 9 318 0.0034248
ctl 9 319 0.4000000
ctl 9 320 0.1196821
ctl 9 321 -0.2281802
ctl 9 322 0.0625461
ctl 9 323 -0.0007688
ctl 9 324 0.2074615
ctl 9 325 0.6235406
ctl 9 326 0.0556888
ctl 9 327 0.0000000
ctl 9 328 -0.1016404
ctl 9 329 0.0000000
ctl 9 330 0.0000000
ctl 9 331 0.0273952
ctl 9 332 0.0099457
ctl 9 333 0.0604122
ctl 9 334 0.0935934
ctl 9 335 -0.4218602
ctl 9 336 -0.0726917
ctl 9 337 -0.0752011
ctl 9 338 0.0477004
ctl 9 339 0.0395311
ctl 9 340 -0.0411338
ctl 9 341 0.0648378
ctl 9 342 0.0853404
ctl 9 343 0.0970146
ctl 9 344 -0.0619895
ctl 9 345 -0.1472565
ctl 9 346 -0.0292069
ctl 9 347 -0.7237896
ctl 9 348 -0.0120000
ctl 9 349 -0.0410000
ctl 9 350 0.0017490
ctl 9 351 -0.0459521
ctl 9 352 0.0000000
ctl 9 353 -0.0459521
ctl 9 354 0.0000000
ctl 9 355 0.0000000
ctl 9 356 0.0025096
ctl 9 357 0.0000000
ctl 9 358 -0.0054434
ctl 9 359 0.0000000
ctl 9 360 -0.0425705
ctl 9 361 -0.0222823
ctl 9 362 -0.0421515
ctl 9 363 0.0057423
ctl 9 364 -0.0938870
ctl 9 365 -0.0235169
ctl 9 366 1.3943186
ctl 9 367 0.0000000
ctl 9 368 0.4986745
ctl 9 369 0.0000000
ctl 9 370 0.0000000
ctl 9 371 -0.0142288
ctl 9 372 0.0092579
ctl 9 373 0.0163983
ctl 9 374 -0.1378644
ctl 9 375 -0.0098859
ctl 9 376 -0.1048763
ctl 9 377 -0.0996616
ctl 9 378 -0.5876781
ctl 9 379 -0.0880014
ctl 9 380 0.0698318
ctl 9 381 0.0718031
ctl 9 382 -0.0312306
ctl 9 383 -0.0127713
ctl 9 384 0.0015226
ctl 9 385 -0.0202026
ctl 9 386 -0.0263231
ctl 9 387 -0.0532590
ctl 9 388 0.0035387
ctl 9 389 -0.0295190
ctl 9 390 0.0229848
ctl 9 391 -0.1070037
ctl 9 392 0.0000000
ctl 9 393 -0.1070037
ctl 9 394 0.0000000
ctl 9 395 0.0000000
ctl 9 396 -0.0052148
ctl 9 397 0.0000000
ctl 9 398 0.0020534
ctl 9 399 0.0000000
ctl 9 400 -0.0003758
ctl 9 401 -0.0009846
ctl 9 402 0.0217346
ctl 9 403 -0.0084088
ctl 9 404 -0.2412154
ctl 9 405 0.0113915
ctl 9 406 0.0305832
ctl 9 407 2.0000000
ctl 9 408 -0.0102090
ctl 9 409 0.0000000
ctl 9 410 0.0000000
ctl 9 411 -0.0002777
ctl 9 412 0.0221919
ctl 9 413 -0.0126288
ctl 9 414 0.0575856
ctl 9 415 0.0155113
ctl 9 416 0.0165331
ctl 9 417 0.0253051
ctl 9 418 0.0286389
ctl 9 419 0.0260787
ctl 9 420 -0.0116869
ctl 9 421 -0.0442520
ctl 9 422 0.0058613
ctl 9 423 0.0136958
ctl 9 424 0.0031571
ctl 9 425 0.0269612
ctl 9 426 -0.0051525
ctl 9 427 0.0308645
ctl 9 428 0.0017709
ctl 9 429 0.0038793
ctl 9 430 -0.0068849
ctl 9 431 0.0203742
ctl 9 432 0.0000000
ctl 9 433 0.0203742
ctl 9 434 0.0000000
ctl 9 435 0.0000000
ctl 9 436 -0.0087720
ctl 9 437 0.0000000
ctl 9 438 0.0003993
ctl 9 439 0.0000000
ctl 9 440 -0.0861456
ctl 9 441 -0.0857377
ctl 9 442 -0.1198928
ctl 9 443 0.0169112
ctl 9 444 0.8208058
ctl 9 445 -0.0123843
ctl 9 446 0.3887884
ctl 9 447 0.0000000
ctl 9 448 1.3194226
ctl 9 449 0.0000000
ctl 9 450 0.0000000
ctl 9 451 0.0000053
ctl 9 452 -0.0662143
ctl 9 453 0.0262189
ctl 9 454 -0.1290782
ctl 9 455 -0.0784083
ctl 9 456 -0.2442818
ctl 9 457 -0.1819691
ctl 9 458 0.3726321
ctl 9 459 -0.1939214
ctl 9 460 0.0109448
ctl 9 461 0.0966370
ctl 9 462 0.0126045
ctl 9 463 -0.0491939
ctl 9 464 -0.0124796
ctl 9 465 -0.0554244
ctl 9 466 -0.0667879
ctl 9 467 -0.0766571
ctl 9 468 -0.0097338
ctl 9 469 0.0201796
ctl 9 470 -0.0030519
ctl 9 471 -0.2917781
ctl 9 472 0.0000000
ctl 9 473 -0.2917781
ctl 9 474 0.0000000
ctl 9 475 0.0000000
ctl 9 476 -0.0623113
ctl 9 477 0.0000000
ctl 9 478 -0.0033810
ctl 9 479 0.0000000
ctl 9 480 -0.0003758
ctl 9 481 -0.0009846
ctl 9 482 0.0217346
ctl 9 483 -0.0084088
ctl 9 484 -0.2412154
ctl 9 485 0.0113915
ctl 9 486 0.0305832
ctl 9 487 0.0000000
ctl 9 488 -0.0102090
ctl 9 489 2.0000000
ctl 9 490 0.0000000
ctl 9 491 -0.0002777
ctl 9 492 0.0221919
ctl 9 493 -0.0126288
ctl 9 494 0.0575856
ctl 9 495 0.0155113
ctl 9 496 0.0165331
ctl 9 497 0.0253051
ctl 9 498 0.0286389
ctl 9 499 0.0260787
ctl 9 500 -0.0116869
ctl 9 501 -0.0442520
ctl 9 502 0.0058613
ctl 9 503 0.0136958
ctl 9 504 0.0031571
ctl 9 505 0.0269612
ctl 9 506 -0.0051525
ctl 9 507 0.0308645
ctl 9 508 0.0017709
ctl 9 509 0.0038793
ctl 9 510 -0.0068849
ctl 9 511 0.0203742
ctl 9 512 0.0000000
ctl 9 513 0.0203742
ctl 9 514 0.0000000
ctl 9 515 0.0000000
ctl 9 516 -0.0087720
ctl 9 517 0.0000000
ctl 9 518 0.0003993
ctl 9 519 0.0000000
ctl 9 520 -0.0003758
ctl 9 521 -0.0009846
ctl 9 522 0.0217346
ctl 9 523 -0.0084088
ctl 9 524 -0.2412154
ctl 9 525 0.0113915
ctl 9 526 0.0305832
ctl 9 527 0.0000000
ctl 9 528 -0.0102090
ctl 9 529 0.0000000
ctl 9 530 2.0000000
ctl 9 531 -0.0002777
ctl 9 532 0.0221919
ctl 9 533 -0.0126288
ctl 9 534 0.0575856
ctl 9 535 0.0155113
ctl 9 536 0.0165331
ctl 9 537 0.0253051
ctl 9 538 0.0286389
ctl 9 539 0.0260787
ctl 9 540 -0.0116869
ctl 9 541 -0.0442520
ctl 9 542 0.0058613
ctl 9 543 0.0136958
ctl 9 544 0.0031571
ctl 9 545 0.0269612
ctl 9 546 -0.0051525
ctl 9 547 0.0308645
ctl 9 548 0.0017709
ctl 9 549 0.0038793
ctl 9 550 -0.0068849
ctl 9 551 0.0203742
ctl 9 552 0.0000000
ctl 9 553 0.0203742
ctl 9 554 0.0000000
ctl 9 555 0.0000000
ctl 9 556 -0.0087720
ctl 9 557 0.0000000
ctl 9 558 0.0003993
ctl 9 559 0.0000000
ctl 9 560 0.0518350
ctl 9 561 0.0355315
ctl 9 562 -0.1047546
ctl 9 563 0.0067586
ctl 9 564 -0.0271448
ctl 9 565 0.0962127
ctl 9 566 0.0814492
ctl 9 567 0.0000000
ctl 9 568 -0.0988374
ctl 9 569 0.0000000
ctl 9 570 0.0000000
ctl 9 571 1.0846877
ctl 9 572 -0.0242906
ctl 9 573 0.0018659
ctl 9 574 0.0023409
ctl 9 575 0.0070352
ctl 9 576 -0.0243294
ctl 9 577 0.0116163
ctl 9 578 0.0786591
ctl 9 579 -0.0813995
ctl 9 580 0.2359734
ctl 9 581 -0.0456625
ctl 9 582 -0.0059246
ctl 9 583 0.0483149
ctl 9 584 0.0061271
ctl 9 585 0.0305469
ctl 9 586 0.0752095
ctl 9 587 0.0446833
ctl 9 588 -0.0007878
ctl 9 589 -0.0006560
ctl 9 590 -0.0012954
ctl 9 591 -0.0173882
ctl 9 592 0.0000000
ctl 9 593 -0.0173882
ctl 9 594 0.0000000
ctl 9 595 0.0000000
ctl 9 596 -0.0359455
ctl 9 597 0.0000000
ctl 9 598 -0.0005949
ctl 9 599 0.0000000
ctl 9 600 -0.0106673
ctl 9 601 -0.0017853
ctl 9 602 0.0084910
ctl 9 603 -0.0032927
ctl 9 604 0.0532001
ctl 9 605 -0.1007253
ctl 9 606 0.0090796
ctl 9 607 0.0000000
ctl 9 608 -0.0130412
ctl 9 609 0.0000000
ctl 9 610 0.0000000
ctl 9 611 -0.0084130
ctl 9 612 0.7303598
ctl 9 613 -0.0567833
ctl 9 614 -0.0167525
ctl 9 615 0.0204392
ctl 9 616 0.0085536
ctl 9 617 -0.0011178
ctl 9 618 0.0087246
ctl 9 619 -0.0317453
ctl 9 620 -0.0170179
ctl 9 621 0.1855934
ctl 9 622 -0.0037988
ctl 9 623 -0.0916859
ctl 9 624 -0.0266461
ctl 9 625 0.0192105
ctl 9 626 0.0416856
ctl 9 627 -0.0927617
ctl 9 628 0.0013931
ctl 9 629 0.0003213
ctl 9 630 0.0002273
ctl 9 631 -0.0039616
ctl 9 632 0.0000000
ctl 9 633 -0.0039616
ctl 9 634 0.0000000
ctl 9 635 0.0000000
ctl 9 636 0.0096713
ctl 9 637 0.0000000
ctl 9 638 0.0001467
ctl 9 639 0.0000000
ctl 9 640 -0.1217440
ctl 9 641 -0.1186923
ctl 9 642 -0.1255575
ctl 9 643 0.2225762
ctl 9 644 0.0232457
ctl 9 645 0.2233515
ctl 9 646 -0.0511770
ctl 9 647 0.3120028
ctl 9 648 -0.0459521
ctl 9 649 -0.1070037
ctl 9 650 0.0203742
ctl 9 651 -0.2917781
ctl 9 652 0.0203742
ctl 9 653 0.0203742
ctl 9 654 -0.0173882
ctl 9 655 -0.0039616
bot 10 0.211284 0.352798 0.045179 0.200005 0.190734
nn 10 0 1.3079735
nn 10 1 0.0030656
nn 10 2 1.8030288
nn 10 3 1.0097306
nn 10 4 0.6166819
nn 10 5 -2.7552464
nn 10 6 -1.0004753
nn 10 7 1.6260743
nn 10 8 2.4498591
nn 10 9 -1.0304151
nn 10 10 4.9441938
nn 10 11 0.6323158
nn 10 12 -1.7156507
nn 10 13 1.0728458
nn 10 14 -3.1791549
nn 10 15 -1.8132858
nn 10 16 1.0254141
nn 10 17 -0.3199911
nn 10 18 3.2898333
nn 10 19 6.5348878
nn 10 20 0.1421646
nn 10 21 2.1248980
nn 10 22 0.7786714
nn 10 23 2.3808348
nn 10 24 -2.7070436
nn 10 25 -3.2224598
nn 10 26 5.7209649
nn 10 27 4.5925884
nn 10 28 1.0241717
nn 10 29 -2.2437332
nn 10 30 0.7106335
nn 10 31 -3.0506423
nn 10 32 -0.3940896
nn 10 33 1.3453794
nn 10 34 -1.3514197
nn 10 35 1.6070712
nn 10 36 -3.0883346
nn 10 37 -2.0137315
nn 10 38 4.2303076
nn 10 39 3.7786181
nn 10 40 2.4623730
nn 10 41 -5.1916132
nn 10 42 3.0821042
nn 10 43 5.0458031
nn 10 44 2.2732368
nn 10 45 2.4917841
nn 10 46 4.4825902
nn 10 47 4.6125522
nn 10 48 -0.6225396
nn 10 49 -2.5453880
nn 10 50 7.2381058
nn 10 51 1.5816128
nn 10 52 0.0784610
nn 10 53 -3.7740049
nn 10 54 0.5265709
nn 10 55 -0.9378017
nn 10 56 2.4668875
nn 10 57 0.0589412
nn 10 58 0.5742240
nn 10 59 -0.1690361
nn 10 60 -7.5880499
nn 10 61 -1.6685759
nn 10 62 3.6733947
nn 10 63 4.3537259
nn 10 64 1.7833512
nn 10 65 -5.4869046
nn 10 66 2.5788100
nn 10 67 0.4058465
nn 10 68 2.1399531
nn 10 69 1.3696843
nn 10 70 4.5726380
nn 10 71 2.5273397
nn 10 72 -0.0599270
nn 10 73 -0.1783816
nn 10 74 0.1485019
nn 10 75 0.2075773
nn 10 76 0.7729949
nn 10 77 -0.0285061
nn 10 78 -0.0309064
nn 10 79 0.2418313
nn 10 80 0.0433509
nn 10 81 -0.1636824
nn 10 82 -0.1392705
nn 10 83 -0.0487951
nn 10 84 -0.0740923
nn 10 85 -1.5782404
nn 10 86 -0.7274677
nn 10 87 2.3813744
nn 10 88 0.2330591
nn 10 89 0.2421057
nn 10 90 2.8129451
nn 10 91 5.6122894
nn 10 92 2.2257597
nn 10 93 2.8160756
nn 10 94 4.3957515
nn 10 95 0.9239473
nn 10 96 -3.0972078
nn 10 97 -2.0632706
nn 10 98 4.2837644
nn 10 99 3.6931000
nn 10 100 2.4173410
nn 10 101 -5.2271509
nn 10 102 3.1105072
nn 10 103 4.9339056
nn 10 104 2.2841947
nn 10 105 2.5352383
nn 10 106 4.3780355
nn 10 107 4.4839420
nn 10 108 -0.9051447
nn 10 109 3.6100016
nn 10 110 -1.0105914
nn 10 111 0.4337718
nn 10 112 2.5255599
nn 10 113 -1.0818366
nn 10 114 -2.5472240
nn 10 115 0.1787645
nn 10 116 -3.3989463
nn 10 117 0.5902624
nn 10 118 2.0882223
nn 10 119 -1.2397363
nn 10 120 -0.0822101
nn 10 121 0.0333661
nn 10 122 0.9165790
nn 10 123 1.3632972
nn 10 124 -0.8427391
nn 10 125 -0.2104986
nn 10 126 -1.4932798
nn 10 127 -0.7471313
nn 10 128 -0.3064924
nn 10 129 -1.2684743
nn 10 130 1.3056546
nn 10 131 -1.4086807
nn 10 132 -1.1815414
nn 10 133 0.7701290
nn 10 134 0.9154325
nn 10 135 -1.1083241
nn 10 136 -0.6389940
nn 10 137 2.4212933
nn 10 138 0.9003348
nn 10 139 0.8391316
nn 10 140 1.2209471
nn 10 141 0.0645065
nn 10 142 -2.8211875
nn 10 143 -0.1847230
nn 10 144 1.4863620
nn 10 145 2.8162029
nn 10 146 2.0245323
nn 10 147 0.4557829
nn 10 148 -1.4333870
nn 10 149 -1.5280691
nn 10 150 -1.0133038
nn 10 151 -0.9056158
nn 10 152 -3.8380764
nn 10 153 1.2489266
nn 10 154 -0.5541660
nn 10 155 0.4828983
nn 10 156 -0.1165513
nn 10 157 -0.0273159
nn 10 158 -0.6294466
nn 10 159 0.2042034
nn 10 160 0.0366190
nn 10 161 1.7637057
nn 10 162 -0.3007697
nn 10 163 1.9088706
nn 10 164 0.4750999
nn 10 165 -0.2469162
nn 10 166 0.5375201
nn 10 167 -1.5599649
nn 10 168 1.2633331
nn 10 169 -2.0954752
nn 10 170 0.8628170
nn 10 171 -0.6873730
nn 10 172 -1.1581585
ctl 10 0 0.5158646
ctl 10 1 0.5401669
ctl 10 2 0.8045533
ctl 10 3 -0.0207277
ctl 10 4 0.1535370
ctl 10 5 0.1761799
ctl 10 6 0.0131847
ctl 10 7 0.0000000
ctl 10 8 -0.1525920
ctl 10 9 0.0000000
ctl 10 10 0.0000000
ctl 10 11 0.1315621
ctl 10 12 -0.0525548
ctl 10 13 0.1036784
ctl 10 14 -0.0747629
ctl 10 15 -0.0407466
ctl 10 16 -0.1333186
ctl 10 17 -0.1149089
ctl 10 18 0.0195686
ctl 10 19 -0.1196703
ctl 10 20 -0.1548174
ctl 10 21 0.1325012
ctl 10 22 0.1112923
ctl 10 23 -0.1111902
ctl 10 24 0.0602569
ctl 10 25 -0.0222157
ctl 10 26 0.0143678
ctl 10 27 0.1511135
ctl 10 28 0.0000000
ctl 10 29 0.0088415
ctl 10 30 0.0062659
ctl 10 31 -0.1394073
ctl 10 32 0.0000000
ctl 10 33 -0.1394073
ctl 10 34 0.0000000
ctl 10 35 0.0000000
ctl 10 36 -0.0184100
ctl 10 37 0.0000000
ctl 10 38 0.0036664
ctl 10 39 0.0016048
ctl 10 40 0.5982307
ctl 10 41 0.8200371
ctl 10 42 0.4806439
ctl 10 43 0.0074006
ctl 10 44 -0.0282752
ctl 10 45 -0.1687074
ctl 10 46 -0.0787419
ctl 10 47 0.0000000
ctl 10 48 -0.0223438
ctl 10 49 0.0000000
ctl 10 50 0.0000000
ctl 10 51 0.0242385
ctl 10 52 -0.0033249
ctl 10 53 -0.0361345
ctl 10 54 0.0194890
ctl 10 55 0.0073216
ctl 10 56 -0.1084191
ctl 10 57 -0.0874259
ctl 10 58 -0.0872585
ctl 10 59 -0.0947744
ctl 10 60 0.0412185
ctl 10 61 0.0237556
ctl 10 62 -0.0258160
ctl 10 63 -0.0151050
ctl 10 64 -0.0761411
ctl 10 65 0.0117400
ctl 10 66 0.0073639
ctl 10 67 -0.2840701
ctl 10 68 0.0000000
ctl 10 69 0.0089459
ctl 10 70 -0.0120000
ctl 10 71 -0.1010852
ctl 10 72 0.0000000
ctl 10 73 -0.1010852
ctl 10 74 0.0000000
ctl 10 75 0.0000000
ctl 10 76 -0.0209935
ctl 10 77 0.0000000
ctl 10 78 -0.0060000
ctl 10 79 0.0039161
ctl 10 80 0.7692153
ctl 10 81 0.5528871
ctl 10 82 0.5636861
ctl 10 83 0.0347972
ctl 10 84 0.1584784
ctl 10 85 -0.0228791
ctl 10 86 -0.0571346
ctl 10 87 0.0000000
ctl 10 88 -0.0570701
ctl 10 89 0.0000000
ctl 10 90 0.0000000
ctl 10 91 -0.1637456
ctl 10 92 0.0708160
ctl 10 93 -0.0283679
ctl 10 94 -0.1143538
ctl 10 95 -0.0891885
ctl 10 96 -0.1004673
ctl 10 97 -0.0823155
ctl 10 98 -0.0361564
ctl 10 99 -0.0309885
ctl 10 100 -0.0001223
ctl 10 101 -0.0087015
ctl 10 102 -0.0976227
ctl 10 103 0.0354670
ctl 10 104 0.0192359
ctl 10 105 -0.0947039
ctl 10 106 -0.1222841
ctl 10 107 0.0662245
ctl 10 108 0.0000000
ctl 10 109 -0.0255418
ctl 10 110 0.0055961
ctl 10 111 -0.1142046
ctl 10 112 0.0000000
ctl 10 113 -0.1142046
ctl 10 114 0.0000000
ctl 10 115 0.0000000
ctl 10 116 -0.0181524
ctl 10 117 0.0000000
ctl 10 118 0.0023167
ctl 10 119 -0.0060000
ctl 10 120 -0.0606388
ctl 10 121 0.0004862
ctl 10 122 -0.1222859
ctl 10 123 -0.1880860
ctl 10 124 0.8731421
ctl 10 125 0.0085533
ctl 10 126 -0.0987562
ctl 10 127 0.0000000
ctl 10 128 -0.0836822
ctl 10 129 0.0000000
ctl 10 130 0.0000000
ctl 10 131 0.0661238
ctl 10 132 0.0297617
ctl 10 133 0.1377809
ctl 10 134 -0.3014957
ctl 10 135 -0.1717869
ctl 10 136 -0.1756090
ctl 10 137 -0.2788470
ctl 10 138 -0.0683615
ctl 10 139 -0.2438122
ctl 10 140 -0.1565982
ctl 10 141 0.2713312
ctl 10 142 -0.0354613
ctl 10 143 -0.0931257
ctl 10 144 0.0555476
ctl 10 145 -0.1009410
ctl 10 146 0.0082924
ctl 10 147 -0.1273941
ctl 10 148 0.0000000
ctl 10 149 -0.0089467
ctl 10 150 -0.0028955
ctl 10 151 -0.1824384
ctl 10 152 0.0000000
ctl 10 153 -0.1824384
ctl 10 154 0.0000000
ctl 10 155 0.0000000
ctl 10 156 0.1032381
ctl 10 157 0.0000000
ctl 10 158 0.0051837
ctl 10 159 0.3940000
ctl 10 160 0.0024107
ctl 10 161 0.0079404
ctl 10 162 0.0196279
ctl 10 163 1.8962382
ctl 10 164 -0.1581311
ctl 10 165 -0.0447367
ctl 10 166 0.0150328
ctl 10 167 0.0000000
ctl 10 168 0.0149463
ctl 10 169 0.0000000
ctl 10 170 0.0000000
ctl 10 171 -0.0146470
ctl 10 172 0.0335653
ctl 10 173 -0.0983649
ctl 10 174 0.0710785
ctl 10 175 0.0213223
ctl 10 176 0.0283258
ctl 10 177 0.0307994
ctl 10 178 0.0082245
ctl 10 179 0.0566949
ctl 10 180 0.0445572
ctl 10 181 -0.0494240
ctl 10 182 0.0120439
ctl 10 183 -0.0598641
ctl 10 184 -0.0154354
ctl 10 185 0.0462073
ctl 10 186 -0.0083917
ctl 10 187 0.0284286
ctl 10 188 0.0000000
ctl 10 189 -0.0024190
ctl 10 190 0.0005427
ctl 10 191 0.0299791
ctl 10 192 0.0000000
ctl 10 193 0.0299791
ctl 10 194 0.0000000
ctl 10 195 0.0000000
ctl 10 196 -0.0024737
ctl 10 197 0.0000000
ctl 10 198 -0.0060000
ctl 10 199 0.0015215
ctl 10 200 -0.0674618
ctl 10 201 -0.0251205
ctl 10 202 -0.0875365
ctl 10 203 -0.0080539
ctl 10 204 0.4086240
ctl 10 205 -0.0327043
ctl 10 206 0.0243383
ctl 10 207 0.0000000
ctl 10 208 -0.2044574
ctl 10 209 0.0000000
ctl 10 210 0.0000000
ctl 10 211 -0.0183281
ctl 10 212 0.0651356
ctl 10 213 0.0394726
ctl 10 214 -0.2098906
ctl 10 215 -0.1195868
ctl 10 216 -0.1736889
ctl 10 217 -0.1892328
ctl 10 218 0.0506301
ctl 10 219 -0.1350042
ctl 10 220 -0.0529619
ctl 10 221 0.1886798
ctl 10 222 -0.0281776
ctl 10 223 -0.0977210
ctl 10 224 0.0105519
ctl 10 225 0.0083187
ctl 10 226 -0.0092964
ctl 10 227 -0.0807311
ctl 10 228 0.0000000
ctl 10 229 -0.0080181
ctl 10 230 -0.0020914
ctl 10 231 -0.1801192
ctl 10 232 0.0000000
ctl 10 233 -0.1801192
ctl 10 234 0.0000000
ctl 10 235 0.0000000
ctl 10 236 0.0155444
ctl 10 237 0.0000000
ctl 10 238 -0.0008474
ctl 10 239 0.3993823
ctl 10 240 0.0046519
ctl 10 241 -0.0753103
ctl 10 242 0.0222381
ctl 10 243 0.0113790
ctl 10 244 1.0216458
ctl 10 245 0.0010088
ctl 10 246 -0.2582795
ctl 10 247 0.0000000
ctl 10 248 0.2098595
ctl 10 249 0.0000000
ctl 10 250 0.0000000
ctl 10 251 0.0114666
ctl 10 252 -0.0361840
ctl 10 253 -0.0334906
ctl 10 254 0.2444069
ctl 10 255 0.1449438
ctl 10 256 -0.0448748
ctl 10 257 0.0598642
ctl 10 258 -0.2883504
ctl 10 259 0.0380946
ctl 10 260 0.0325921
ctl 10 261 -0.1152852
ctl 10 262 -0.0182052
ctl 10 263 0.0678956
ctl 10 264 -0.0175805
ctl 10 265 -0.0645067
ctl 10 266 -0.0921753
ctl 10 267 0.0966770
ctl 10 268 0.0000000
ctl 10 269 0.0097369
ctl 10 270 0.0036560
ctl 10 271 -0.0484200
ctl 10 272 0.0000000
ctl 10 273 -0.0484200
ctl 10 274 0.0000000
ctl 10 275 0.0000000
ctl 10 276 -0.1047390
ctl 10 277 0.0000000
ctl 10 278 0.0011575
ctl 10 279 -0.0060000
ctl 10 280 -0.1670189
ctl 10 281 0.1872843
ctl 10 282 -0.1298137
ctl 10 283 -0.0163479
ctl 10 284 0.4732670
ctl 10 285 0.0661419
ctl 10 286 -0.0538010
ctl 10 287 0.0000000
ctl 10 288 -0.0557472
ctl 10 289 0.0000000
ctl 10 290 0.0000000
ctl 10 291 0.0128830
ctl 10 292 0.0889834
ctl 10 293 -0.0968629
ctl 10 294 -0.2827502
ctl 10 295 0.2337044
ctl 10 296 -0.0985694
ctl 10 297 0.0017869
ctl 10 298 -0.0236139
ctl 10 299 -0.0460356
ctl 10 300 -0.0929285
ctl 10 301 0.3092028
ctl 10 302 -0.0246630
ctl 10 303 -0.2115607
ctl 10 304 -0.0151159
ctl 10 305 0.0365865
ctl 10 306 -0.1711654
ctl 10 307 0.2750695
ctl 10 308 0.0000000
ctl 10 309 0.0117798
ctl 10 310 0.0034645
ctl 10 311 -0.1095479
ctl 10 312 0.0000000
ctl 10 313 -0.1095479
ctl 10 314 0.0000000
ctl 10 315 0.0000000
ctl 10 316 -0.1003567
ctl 10 317 0.0000000
ctl 10 318 0.0007811
ctl 10 319 0.3940000
ctl 10 320 0.1116408
ctl 10 321 -0.2394338
ctl 10 322 0.0734838
ctl 10 323 0.0433126
ctl 10 324 0.1713867
ctl 10 325 0.8152097
ctl 10 326 0.0343127
ctl 10 327 0.0000000
ctl 10 328 -0.0886215
ctl 10 329 0.0000000
ctl 10 330 0.0000000
ctl 10 331 0.0176099
ctl 10 332 0.1132645
ctl 10 333 0.0909913
ctl 10 334 0.1140888
ctl 10 335 -0.5020563
ctl 10 336 -0.0687712
ctl 10 337 -0.1384251
ctl 10 338 0.0153277
ctl 10 339 0.0626941
ctl 10 340 0.1106272
ctl 10 341 -0.0459489
ctl 10 342 -0.0576210
ctl 10 343 0.1485033
ctl 10 344 -0.0343155
ctl 10 345 -0.4279861
ctl 10 346 -0.1091795
ctl 10 347 -0.6262605
ctl 10 348 0.0000000
ctl 10 349 -0.0265000
ctl 10 350 -0.0076188
ctl 10 351 -0.0543093
ctl 10 352 0.0000000
ctl 10 353 -0.0543093
ctl 10 354 0.0000000
ctl 10 355 0.0000000
ctl 10 356 0.0696541
ctl 10 357 0.0000000
ctl 10 358 -0.0013114
ctl 10 359 0.0019888
ctl 10 360 -0.0384931
ctl 10 361 -0.0307114
ctl 10 362 -0.0397708
ctl 10 363 -0.0005338
ctl 10 364 -0.1238720
ctl 10 365 -0.0194348
ctl 10 366 1.3821999
ctl 10 367 0.0000000
ctl 10 368 0.5088232
ctl 10 369 0.0000000
ctl 10 370 0.0000000
ctl 10 371 0.0026989
ctl 10 372 -0.0004776
ctl 10 373 0.0314926
ctl 10 374 -0.0617692
ctl 10 375 -0.0068809
ctl 10 376 -0.1164935
ctl 10 377 -0.1328203
ctl 10 378 -0.5577987
ctl 10 379 -0.0738377
ctl 10 380 -0.0608995
ctl 10 381 0.0633604
ctl 10 382 -0.0012685
ctl 10 383 -0.0560171
ctl 10 384 -0.0028643
ctl 10 385 -0.0016729
ctl 10 386 -0.0220992
ctl 10 387 -0.0516603
ctl 10 388 0.0000000
ctl 10 389 -0.0045272
ctl 10 390 -0.0011706
ctl 10 391 -0.1089750
ctl 10 392 0.0000000
ctl 10 393 -0.1089750
ctl 10 394 0.0000000
ctl 10 395 0.0000000
ctl 10 396 0.0163264
ctl 10 397 0.0000000
ctl 10 398 0.0023101
ctl 10 399 -0.0060000
ctl 10 400 0.0120809
ctl 10 401 -0.0068393
ctl 10 402 0.0148057
ctl 10 403 -0.0050604
ctl 10 404 -0.2085943
ctl 10 405 0.0063125
ctl 10 406 0.0204893
ctl 10 407 2.0000000
ctl 10 408 -0.0004420
ctl 10 409 0.0000000
ctl 10 410 0.0000000
ctl 10 411 -0.0016034
ctl 10 412 -0.0001007
ctl 10 413 -0.0175601
ctl 10 414 0.0652415
ctl 10 415 0.0363042
ctl 10 416 0.0190694
ctl 10 417 0.0414576
ctl 10 418 0.0131649
ctl 10 419 0.0322596
ctl 10 420 0.0237208
ctl 10 421 -0.0559815
ctl 10 422 0.0098034
ctl 10 423 0.0231043
ctl 10 424 -0.0092617
ctl 10 425 0.0293445
ctl 10 426 -0.0016624
ctl 10 427 0.0260791
ctl 10 428 0.0000000
ctl 10 429 0.0036716
ctl 10 430 0.0004305
ctl 10 431 0.0200472
ctl 10 432 0.0000000
ctl 10 433 0.0200472
ctl 10 434 0.0000000
ctl 10 435 0.0000000
ctl 10 436 -0.0223881
ctl 10 437 0.0000000
ctl 10 438 0.0004024
ctl 10 439 0.0014800
ctl 10 440 -0.0972521
ctl 10 441 -0.0552343
ctl 10 442 -0.1173018
ctl 10 443 0.0123471
ctl 10 444 0.7357845
ctl 10 445 0.0021526
ctl 10 446 0.4515570
ctl 10 447 0.0000000
ctl 10 448 1.2786449
ctl 10 449 0.0000000
ctl 10 450 0.0000000
ctl 10 451 0.0167342
ctl 10 452 0.0056732
ctl 10 453 0.0190513
ctl 10 454 -0.2021115
ctl 10 455 -0.1656587
ctl 10 456 -0.2448690
ctl 10 457 -0.2001262
ctl 10 458 0.4039430
ctl 10 459 -0.2235192
ctl 10 460 -0.0789161
ctl 10 461 0.1422912
ctl 10 462 -0.0230576
ctl 10 463 -0.0571431
ctl 10 464 0.0242984
ctl 10 465 -0.1159236
ctl 10 466 -0.0633184
ctl 10 467 -0.0642102
ctl 10 468 0.0000000
ctl 10 469 -0.0080629
ctl 10 470 -0.0009650
ctl 10 471 -0.2697886
ctl 10 472 0.0000000
ctl 10 473 -0.2697886
ctl 10 474 0.0000000
ctl 10 475 0.0000000
ctl 10 476 -0.0447433
ctl 10 477 0.0000000
ctl 10 478 -0.0034194
ctl 10 479 0.0034950
ctl 10 480 0.0120809
ctl 10 481 -0.0068393
ctl 10 482 0.0148057
ctl 10 483 -0.0050604
ctl 10 484 -0.2085943
ctl 10 485 0.0063125
ctl 10 486 0.0204893
ctl 10 487 0.0000000
ctl 10 488 -0.0004420
ctl 10 489 2.0000000
ctl 10 490 0.0000000
ctl 10 491 -0.0016034
ctl 10 492 -0.0001007
ctl 10 493 -0.0175601
ctl 10 494 0.0652415
ctl 10 495 0.0363042
ctl 10 496 0.0190694
ctl 10 497 0.0414576
ctl 10 498 0.0131649
ctl 10 499 0.0322596
ctl 10 500 0.0237208
ctl 10 501 -0.0559815
ctl 10 502 0.0098034
ctl 10 503 0.0231043
ctl 10 504 -0.0092617
ctl 10 505 0.0293445
ctl 10 506 -0.0016624
ctl 10 507 0.0260791
ctl 10 508 0.0000000
ctl 10 509 0.0036716
ctl 10 510 0.0004305
ctl 10 511 0.0200472
ctl 10 512 0.0000000
ctl 10 513 0.0200472
ctl 10 514 0.0000000
ctl 10 515 0.0000000
ctl 10 516 -0.0223881
ctl 10 517 0.0000000
ctl 10 518 0.0004024
ctl 10 519 0.0014800
ctl 10 520 0.0120809
ctl 10 521 -0.0068393
ctl 10 522 0.0148057
ctl 10 523 -0.0050604
ctl 10 524 -0.2085943
ctl 10 525 0.0063125
ctl 10 526 0.0204893
ctl 10 527 0.0000000
ctl 10 528 -0.0004420
ctl 10 529 0.0000000
ctl 10 530 2.0000000
ctl 10 531 -0.0016034
ctl 10 532 -0.0001007
ctl 10 533 -0.0175601
ctl 10 534 0.0652415
ctl 10 535 0.0363042
ctl 10 536 0.0190694
ctl 10 537 0.0414576
ctl 10 538 0.0131649
ctl 10 539 0.0322596
ctl 10 540 0.0237208
ctl 10 541 -0.0559815
ctl 10 542 0.0098034
ctl 10 543 0.0231043
ctl 10 544 -0.0092617
ctl 10 545 0.0293445
ctl 10 546 -0.0016624
ctl 10 547 0.0260791
ctl 10 548 0.0000000
ctl 10 549 0.0036716
ctl 10 550 0.0004305
ctl 10 551 0.0200472
ctl 10 552 0.0000000
ctl 10 553 0.0200472
ctl 10 554 0.0000000
ctl 10 555 0.0000000
ctl 10 556 -0.0223881
ctl 10 557 0.0000000
ctl 10 558 0.0004024
ctl 10 559 0.0014800
ctl 10 560 0.1208995
ctl 10 561 -0.0549270
ctl 10 562 -0.0394354
ctl 10 563 -0.0269180
ctl 10 564 0.0147685
ctl 10 565 -0.1208744
ctl 10 566 -0.0585987
ctl 10 567 0.0000000
ctl 10 568 0.0851361
ctl 10 569 0.0000000
ctl 10 570 0.0000000
ctl 10 571 0.9540759
ctl 10 572 0.0478127
ctl 10 573 -0.0202672
ctl 10 574 0.0109459
ctl 10 575 -0.0120569
ctl 10 576 0.0306320
ctl 10 577 -0.0103730
ctl 10 578 -0.0613755
ctl 10 579 0.0776828
ctl 10 580 0.2203981
ctl 10 581 0.0270939
ctl 10 582 -0.0032896
ctl 10 583 -0.0161935
ctl 10 584 -0.0040404
ctl 10 585 -0.0469000
ctl 10 586 -0.0766031
ctl 10 587 -0.0500647
ctl 10 588 0.0000000
ctl 10 589 0.0027411
ctl 10 590 0.0001529
ctl 10 591 0.0265372
ctl 10 592 0.0000000
ctl 10 593 0.0265372
ctl 10 594 0.0000000
ctl 10 595 0.0000000
ctl 10 596 0.0410050
ctl 10 597 0.0000000
ctl 10 598 0.0005147
ctl 10 599 0.0004066
ctl 10 600 0.0154905
ctl 10 601 0.0060808
ctl 10 602 -0.0125298
ctl 10 603 -0.0064280
ctl 10 604 0.0488381
ctl 10 605 -0.0966583
ctl 10 606 0.0364917
ctl 10 607 0.0000000
ctl 10 608 -0.0274502
ctl 10 609 0.0000000
ctl 10 610 0.0000000
ctl 10 611 0.0352911
ctl 10 612 0.5430598
ctl 10 613 -0.0337671
ctl 10 614 0.0052178
ctl 10 615 0.0205535
ctl 10 616 0.0104056
ctl 10 617 0.0158991
ctl 10 618 0.0323712
ctl 10 619 -0.0164271
ctl 10 620 0.0070240
ctl 10 621 0.1787808
ctl 10 622 0.0058869
ctl 10 623 -0.0885699
ctl 10 624 -0.0223774
ctl 10 625 0.0189325
ctl 10 626 0.0351989
ctl 10 627 -0.0869751
ctl 10 628 0.0000000
ctl 10 629 0.0007953
ctl 10 630 0.0006989
ctl 10 631 0.0090415
ctl 10 632 0.0000000
ctl 10 633 0.0090415
ctl 10 634 0.0000000
ctl 10 635 0.0000000
ctl 10 636 -0.0054934
ctl 10 637 0.0000000
ctl 10 638 -0.0008318
ctl 10 639 0.0013070
ctl 10 640 -0.1394073
ctl 10 641 -0.1010852
ctl 10 642 -0.1142046
ctl 10 643 0.2175610
ctl 10 644 0.0299791
ctl 10 645 0.2198812
ctl 10 646 -0.0484200
ctl 10 647 0.2904508
ctl 10 648 -0.0543093
ctl 10 649 -0.1089750
ctl 10 650 0.0200472
ctl 10 651 -0.2697886
ctl 10 652 0.0200472
ctl 10 653 0.0200472
ctl 10 654 0.0265372
ctl 10 655 0.0090415
bot 11 0.091321 0.356859 0.260579 0.133949 0.157292
nn 11 0 0.5726101
nn 11 1 -0.1635060
nn 11 2 -2.1958170
nn 11 3 -4.6677885
nn 11 4 -2.9698250
nn 11 5 2.6995368
nn 11 6 -6.1011519
nn 11 7 -4.5704813
nn 11 8 -1.2762285
nn 11 9 0.0158766
nn 11 10 1.0405104
nn 11 11 -1.5880846
nn 11 12 0.9275854
nn 11 13 -0.0431069
nn 11 14 -0.7102007
nn 11 15 0.7362733
nn 11 16 0.2725054
nn 11 17 -0.0251538
nn 11 18 0.4284028
nn 11 19 -0.0401879
nn 11 20 0.0645979
nn 11 21 2.5312567
nn 11 22 -3.1058671
nn 11 23 -3.1998694
nn 11 24 1.2081652
nn 11 25 -4.0700374
nn 11 26 -1.2403136
nn 11 27 0.5088907
nn 11 28 -1.5684706
nn 11 29 -6.9246521
nn 11 30 9.9871035
nn 11 31 2.0033851
nn 11 32 -1.0941967
nn 11 33 3.0699668
nn 11 34 -4.0040526
nn 11 35 10.0000000
nn 11 36 2.8411512
nn 11 37 -4.3911991
nn 11 38 -4.1567464
nn 11 39 -3.6265655
nn 11 40 -4.1384296
nn 11 41 -4.1681767
nn 11 42 5.1732392
nn 11 43 -2.5319395
nn 11 44 -2.2539451
nn 11 45 5.7282104
nn 11 46 -6.0770698
nn 11 47 6.7952809
nn 11 48 1.8779459
nn 11 49 0.6016750
nn 11 50 -2.7294321
nn 11 51 -0.7358801
nn 11 52 -4.4731498
nn 11 53 -1.6945742
nn 11 54 0.1067555
nn 11 55 0.0477680
nn 11 56 -0.4639490
nn 11 57 1.6076927
nn 11 58 -6.7250791
nn 11 59 4.3895054
nn 11 60 -0.5270675
nn 11 61 -1.0100589
nn 11 62 0.2882637
nn 11 63 -2.2723587
nn 11 64 -0.4975778
nn 11 65 0.0913535
nn 11 66 1.3589118
nn 11 67 -2.0043151
nn 11 68 -2.2739844
nn 11 69 0.9368140
nn 11 70 1.0016210
nn 11 71 7.6629972
nn 11 72 -1.1874559
nn 11 73 0.9639879
nn 11 74 1.2263570
nn 11 75 -2.0123012
nn 11 76 -3.2019081
nn 11 77 1.4143976
nn 11 78 -8.3991222
nn 11 79 -4.8928566
nn 11 80 -2.0632069
nn 11 81 -4.9527178
nn 11 82 0.8618622
nn 11 83 0.3147360
nn 11 84 2.2247283
nn 11 85 2.4119086
nn 11 86 -1.4217321
nn 11 87 1.8249853
nn 11 88 1.1354190
nn 11 89 -7.2065535
nn 11 90 10.0000000
nn 11 91 -0.8929233
nn 11 92 -1.7735373
nn 11 93 2.1370738
nn 11 94 -2.4393480
nn 11 95 3.4180403
nn 11 96 2.7780728
nn 11 97 -4.3076892
nn 11 98 -4.2329116
nn 11 99 -3.6542907
nn 11 100 -4.2298050
nn 11 101 -4.1599035
nn 11 102 5.0693731
nn 11 103 -2.4640949
nn 11 104 -2.2504303
nn 11 105 5.6926389
nn 11 106 -6.1904092
nn 11 107 6.8471107
nn 11 108 -0.4313624
nn 11 109 -0.8607177
nn 11 110 -3.8630595
nn 11 111 1.8342047
nn 11 112 -1.9019127
nn 11 113 -0.9177146
nn 11 114 1.1596742
nn 11 115 -2.1916814
nn 11 116 -0.7862493
nn 11 117 -1.1203692
nn 11 118 1.7800884
nn 11 119 1.3116777
nn 11 120 4.5208716
nn 11 121 -2.0385530
nn 11 122 1.9360898
nn 11 123 -2.9555359
nn 11 124 2.4720807
nn 11 125 -0.8335989
nn 11 126 3.0453086
nn 11 127 -0.0059106
nn 11 128 -0.6052949
nn 11 129 1.1964161
nn 11 130 1.0441747
nn 11 131 1.6134578
nn 11 132 1.1185349
nn 11 133 -1.4236261
nn 11 134 1.3997636
nn 11 135 2.5032494
nn 11 136 -2.6472917
nn 11 137 0.4166683
nn 11 138 3.2869167
nn 11 139 -0.1946738
nn 11 140 -0.8987255
nn 11 141 3.7351832
nn 11 142 3.5983338
nn 11 143 1.2224441
nn 11 144 1.4047974
nn 11 145 1.5944736
nn 11 146 -0.1273578
nn 11 147 2.2315190
nn 11 148 -1.2418890
nn 11 149 0.2456770
nn 11 150 1.8506818
nn 11 151 -0.8043890
nn 11 152 -0.2332806
nn 11 153 -0.1351657
nn 11 154 -3.5479407
nn 11 155 3.9846246
nn 11 156 -0.6014895
nn 11 157 3.0068955
nn 11 158 -3.8350780
nn 11 159 -1.1495068
nn 11 160 3.7253907
nn 11 161 1.6580825
nn 11 162 1.0383555
nn 11 163 5.4745417
nn 11 164 -0.3443997
nn 11 165 6.5043554
nn 11 166 2.9946051
nn 11 167 -0.5452334
nn 11 168 0.2682993
nn 11 169 -0.5866723
nn 11 170 -5.6474562
nn 11 171 -0.6856339
nn 11 172 -0.5791131
ctl 11 0 0.5496535
ctl 11 1 0.5912217
ctl 11 2 0.7277144
ctl 11 3 0.0008897
ctl 11 4 0.0208224
ctl 11 5 -0.0013303
ctl 11 6 -0.0607307
ctl 11 7 0.0000000
ctl 11 8 -0.0706739
ctl 11 9 0.0000000
ctl 11 10 0.0000000
ctl 11 11 0.0566791
ctl 11 12 -0.0192260
ctl 11 13 -0.0058558
ctl 11 14 -0.0576717
ctl 11 15 -0.0063038
ctl 11 16 -0.1122921
ctl 11 17 -0.0413364
ctl 11 18 -0.0500908
ctl 11 19 -0.0345016
ctl 11 20 -0.0158068
ctl 11 21 -0.0776350
ctl 11 22 0.0357061
ctl 11 23 0.0835773
ctl 11 24 0.0396233
ctl 11 25 -0.0319105
ctl 11 26 -0.0769877
ctl 11 27 0.0529609
ctl 11 28 -0.0175856
ctl 11 29 -0.0481345
ctl 11 30 0.0114809
ctl 11 31 -0.1314042
ctl 11 32 0.0000000
ctl 11 33 -0.1314042
ctl 11 34 0.0000000
ctl 11 35 0.0000000
ctl 11 36 -0.0709560
ctl 11 37 0.0000000
ctl 11 38 0.0000000
ctl 11 39 0.0000000
ctl 11 40 0.5744771
ctl 11 41 0.6565740
ctl 11 42 0.6525136
ctl 11 43 0.0062683
ctl 11 44 0.0661852
ctl 11 45 -0.2457278
ctl 11 46 -0.0389254
ctl 11 47 0.0000000
ctl 11 48 -0.0775075
ctl 11 49 0.0000000
ctl 11 50 0.0000000
ctl 11 51 -0.0960314
ctl 11 52 -0.0029296
ctl 11 53 -0.0476130
ctl 11 54 -0.0627419
ctl 11 55 -0.0353750
ctl 11 56 -0.1029534
ctl 11 57 -0.0980913
ctl 11 58 -0.0471960
ctl 11 59 -0.0873205
ctl 11 60 -0.0246094
ctl 11 61 0.0141797
ctl 11 62 -0.0102164
ctl 11 63 -0.0002189
ctl 11 64 -0.1142718
ctl 11 65 -0.0447556
ctl 11 66 -0.0725705
ctl 11 67 -0.2456027
ctl 11 68 0.0083577
ctl 11 69 0.0112255
ctl 11 70 -0.0038685
ctl 11 71 -0.1164322
ctl 11 72 0.0000000
ctl 11 73 -0.1164322
ctl 11 74 0.0000000
ctl 11 75 0.0000000
ctl 11 76 -0.0048623
ctl 11 77 0.0000000
ctl 11 78 0.0000000
ctl 11 79 0.0000000
ctl 11 80 0.7450863
ctl 11 81 0.6425765
ctl 11 82 0.5036436
ctl 11 83 0.0003512
ctl 11 84 0.2322714
ctl 11 85 0.2635054
ctl 11 86 -0.0312591
ctl 11 87 0.0000000
ctl 11 88 -0.0774260
ctl 11 89 0.0000000
ctl 11 90 0.0000000
ctl 11 91 0.0559109
ctl 11 92 -0.0059877
ctl 11 93 0.0392990
ctl 11 94 -0.0535108
ctl 11 95 -0.0056473
ctl 11 96 -0.1042279
ctl 11 97 -0.0904054
ctl 11 98 -0.0272626
ctl 11 99 -0.1303360
ctl 11 100 0.1858216
ctl 11 101 0.2220839
ctl 11 102 -0.0419873
ctl 11 103 -0.2194817
ctl 11 104 0.0693722
ctl 11 105 0.1204810
ctl 11 106 0.0478159
ctl 11 107 0.1385993
ctl 11 108 0.0039395
ctl 11 109 0.0165755
ctl 11 110 -0.0077194
ctl 11 111 -0.1086849
ctl 11 112 0.0000000
ctl 11 113 -0.1086849
ctl 11 114 0.0000000
ctl 11 115 0.0000000
ctl 11 116 -0.0138229
ctl 11 117 0.0000000
ctl 11 118 0.0000000
ctl 11 119 0.0000000
ctl 11 120 -0.0644813
ctl 11 121 -0.0458298
ctl 11 122 -0.0492869
ctl 11 123 -0.0879996
ctl 11 124 0.9581351
ctl 11 125 0.0396916
ctl 11 126 -0.0912395
ctl 11 127 0.0000000
ctl 11 128 -0.0683584
ctl 11 129 0.0000000
ctl 11 130 0.0000000
ctl 11 131 0.0011008
ctl 11 132 -0.0173195
ctl 11 133 0.0229959
ctl 11 134 -0.2861049
ctl 11 135 -0.1163202
ctl 11 136 -0.1452045
ctl 11 137 -0.2479769
ctl 11 138 -0.0844962
ctl 11 139 -0.2118526
ctl 11 140 0.1810914
ctl 11 141 0.2442950
ctl 11 142 0.0180566
ctl 11 143 -0.1460527
ctl 11 144 0.0114954
ctl 11 145 0.1489956
ctl 11 146 -0.0025368
ctl 11 147 -0.1339395
ctl 11 148 -0.0073897
ctl 11 149 -0.0313616
ctl 11 150 -0.0066201
ctl 11 151 -0.1595979
ctl 11 152 0.0000000
ctl 11 153 -0.1595979
ctl 11 154 0.0000000
ctl 11 155 0.0000000
ctl 11 156 0.1027728
ctl 11 157 0.0000000
ctl 11 158 0.0000000
ctl 11 159 0.4000000
ctl 11 160 0.0033549
ctl 11 161 0.0083557
ctl 11 162 0.0100043
ctl 11 163 1.9465805
ctl 11 164 -0.1864780
ctl 11 165 -0.0319945
ctl 11 166 0.0155139
ctl 11 167 0.0000000
ctl 11 168 0.0062011
ctl 11 169 0.0000000
ctl 11 170 0.0000000
ctl 11 171 -0.0127344
ctl 11 172 0.0249173
ctl 11 173 -0.0275966
ctl 11 174 0.0582906
ctl 11 175 0.0186032
ctl 11 176 0.0193022
ctl 11 177 0.0341174
ctl 11 178 0.0134615
ctl 11 179 0.0417490
ctl 11 180 -0.0380518
ctl 11 181 -0.0480747
ctl 11 182 -0.0110970
ctl 11 183 -0.0193430
ctl 11 184 0.0004213
ctl 11 185 -0.0424862
ctl 11 186 -0.0024247
ctl 11 187 0.0273158
ctl 11 188 0.0013014
ctl 11 189 0.0022962
ctl 11 190 0.0015667
ctl 11 191 0.0217150
ctl 11 192 0.0000000
ctl 11 193 0.0217150
ctl 11 194 0.0000000
ctl 11 195 0.0000000
ctl 11 196 -0.0148153
ctl 11 197 0.0000000
ctl 11 198 0.0000000
ctl 11 199 0.0000000
ctl 11 200 -0.0655144
ctl 11 201 -0.0388144
ctl 11 202 -0.0777435
ctl 11 203 0.0054151
ctl 11 204 0.4813966
ctl 11 205 -0.0005827
ctl 11 206 0.0303507
ctl 11 207 0.0000000
ctl 11 208 -0.2124230
ctl 11 209 0.0000000
ctl 11 210 0.0000000
ctl 11 211 -0.0189200
ctl 11 212 0.0363844
ctl 11 213 0.0211703
ctl 11 214 -0.1942952
ctl 11 215 -0.0558429
ctl 11 216 -0.1662263
ctl 11 217 -0.1545254
ctl 11 218 0.0366066
ctl 11 219 -0.1451566
ctl 11 220 0.0804488
ctl 11 221 0.1443768
ctl 11 222 0.0254123
ctl 11 223 -0.0898163
ctl 11 224 0.0063269
ctl 11 225 0.0324736
ctl 11 226 -0.0544839
ctl 11 227 -0.0692509
ctl 11 228 -0.0037479
ctl 11 229 -0.0210743
ctl 11 230 -0.0061179
ctl 11 231 -0.1820722
ctl 11 232 0.0000000
ctl 11 233 -0.1820722
ctl 11 234 0.0000000
ctl 11 235 0.0000000
ctl 11 236 -0.0117009
ctl 11 237 0.0000000
ctl 11 238 0.0000000
ctl 11 239 0.4000000
ctl 11 240 0.0352731
ctl 11 241 -0.1115282
ctl 11 242 0.0295887
ctl 11 243 -0.0080630
ctl 11 244 0.9942244
ctl 11 245 -0.0063134
ctl 11 246 -0.2559538
ctl 11 247 0.0000000
ctl 11 248 0.2092889
ctl 11 249 0.0000000
ctl 11 250 0.0000000
ctl 11 251 0.0203013
ctl 11 252 -0.0780435
ctl 11 253 -0.0574530
ctl 11 254 0.2354716
ctl 11 255 0.1210222
ctl 11 256 -0.0311932
ctl 11 257 0.0382369
ctl 11 258 -0.2667609
ctl 11 259 0.0370325
ctl 11 260 -0.0500180
ctl 11 261 -0.0665044
ctl 11 262 -0.0315842
ctl 11 263 0.0420296
ctl 11 264 -0.0186684
ctl 11 265 -0.0200423
ctl 11 266 -0.0604253
ctl 11 267 0.0865725
ctl 11 268 0.0058681
ctl 11 269 0.0356570
ctl 11 270 0.0124897
ctl 11 271 -0.0466659
ctl 11 272 0.0000000
ctl 11 273 -0.0466659
ctl 11 274 0.0000000
ctl 11 275 0.0000000
ctl 11 276 -0.0694292
ctl 11 277 0.0000000
ctl 11 278 0.0000000
ctl 11 279 0.0000000
ctl 11 280 -0.0747735
ctl 11 281 0.1576576
ctl 11 282 -0.1970484
ctl 11 283 -0.0093987
ctl 11 284 0.5946019
ctl 11 285 0.1363532
ctl 11 286 -0.0363328
ctl 11 287 0.0000000
ctl 11 288 -0.0778313
ctl 11 289 0.0000000
ctl 11 290 0.0000000
ctl 11 291 0.0220659
ctl 11 292 0.0527143
ctl 11 293 -0.0319417
ctl 11 294 -0.2420012
ctl 11 295 0.1601437
ctl 11 296 -0.1054518
ctl 11 297 -0.0588433
ctl 11 298 -0.0293889
ctl 11 299 -0.0203003
ctl 11 300 0.0748584
ctl 11 301 0.2179474
ctl 11 302 0.0094399
ctl 11 303 -0.2883167
ctl 11 304 0.0633952
ctl 11 305 -0.1043364
ctl 11 306 -0.2505130
ctl 11 307 0.3149523
ctl 11 308 0.0093552
ctl 11 309 0.0298931
ctl 11 310 0.0101625
ctl 11 311 -0.1141642
ctl 11 312 0.0000000
ctl 11 313 -0.1141642
ctl 11 314 0.0000000
ctl 11 315 0.0000000
ctl 11 316 -0.0466083
ctl 11 317 0.0000000
ctl 11 318 0.0000000
ctl 11 319 0.4000000
ctl 11 320 0.0659340
ctl 11 321 -0.2538905
ctl 11 322 0.1637839
ctl 11 323 -0.0057655
ctl 11 324 0.1066535
ctl 11 325 0.7049679
ctl 11 326 0.0189827
ctl 11 327 0.0000000
ctl 11 328 -0.0431552
ctl 11 329 0.0000000
ctl 11 330 0.0000000
ctl 11 331 -0.0574028
ctl 11 332 0.0406666
ctl 11 333 0.0219271
ctl 11 334 0.1082263
ctl 11 335 -0.3637858
ctl 11 336 -0.0280133
ctl 11 337 -0.0060760
ctl 11 338 0.0126015
ctl 11 339 0.0095088
ctl 11 340 -0.0508619
ctl 11 341 0.0088518
ctl 11 342 0.0308755
ctl 11 343 0.1121952
ctl 11 344 -0.1397962
ctl 11 345 0.0116778
ctl 11 346 0.0139525
ctl 11 347 -0.6693996
ctl 11 348 -0.0180000
ctl 11 349 -0.0795000
ctl 11 350 -0.0228638
ctl 11 351 -0.0241728
ctl 11 352 0.0000000
ctl 11 353 -0.0241728
ctl 11 354 0.0000000
ctl 11 355 0.0000000
ctl 11 356 -0.0219374
ctl 11 357 0.0000000
ctl 11 358 0.0000000
ctl 11 359 0.0000000
ctl 11 360 -0.0333703
ctl 11 361 -0.0334001
ctl 11 362 -0.0371548
ctl 11 363 -0.0065697
ctl 11 364 -0.1189642
ctl 11 365 -0.0166804
ctl 11 366 1.4156123
ctl 11 367 0.0000000
ctl 11 368 0.4804616
ctl 11 369 0.0000000
ctl 11 370 0.0000000
ctl 11 371 -0.0144122
ctl 11 372 -0.0003700
ctl 11 373 0.0011839
ctl 11 374 -0.1223161
ctl 11 375 0.0262947
ctl 11 376 -0.1017940
ctl 11 377 -0.0955741
ctl 11 378 -0.5663857
ctl 11 379 -0.0903999
ctl 11 380 0.0675704
ctl 11 381 0.0671714
ctl 11 382 -0.0006471
ctl 11 383 -0.0477200
ctl 11 384 0.0016189
ctl 11 385 -0.0190822
ctl 11 386 -0.0432477
ctl 11 387 -0.0233251
ctl 11 388 -0.0007163
ctl 11 389 -0.0213229
ctl 11 390 -0.0126642
ctl 11 391 -0.1039248
ctl 11 392 0.0000000
ctl 11 393 -0.1039248
ctl 11 394 0.0000000
ctl 11 395 0.0000000
ctl 11 396 -0.0062199
ctl 11 397 0.0000000
ctl 11 398 0.0000000
ctl 11 399 0.0000000
ctl 11 400 0.0034786
ctl 11 401 0.0115542
ctl 11 402 0.0027886
ctl 11 403 -0.0012335
ctl 11 404 -0.2236415
ctl 11 405 -0.0032822
ctl 11 406 0.0198019
ctl 11 407 2.0000000
ctl 11 408 -0.0019807
ctl 11 409 0.0000000
ctl 11 410 0.0000000
ctl 11 411 0.0011295
ctl 11 412 0.0184332
ctl 11 413 0.0045777
ctl 11 414 0.0523819
ctl 11 415 0.0223252
ctl 11 416 0.0161429
ctl 11 417 0.0284161
ctl 11 418 0.0183607
ctl 11 419 0.0340079
ctl 11 420 -0.0328533
ctl 11 421 -0.0481294
ctl 11 422 0.0028688
ctl 11 423 0.0322375
ctl 11 424 -0.0013663
ctl 11 425 -0.0257524
ctl 11 426 -0.0009790
ctl 11 427 0.0235618
ctl 11 428 0.0015140
ctl 11 429 0.0093304
ctl 11 430 0.0017450
ctl 11 431 0.0178212
ctl 11 432 0.0000000
ctl 11 433 0.0178212
ctl 11 434 0.0000000
ctl 11 435 0.0000000
ctl 11 436 -0.0122732
ctl 11 437 0.0000000
ctl 11 438 0.0000000
ctl 11 439 0.0000000
ctl 11 440 -0.0914222
ctl 11 441 -0.1092201
ctl 11 442 -0.0763642
ctl 11 443 0.0167525
ctl 11 444 0.7485656
ctl 11 445 0.0363021
ctl 11 446 0.4125405
ctl 11 447 0.0000000
ctl 11 448 1.3104466
ctl 11 449 0.0000000
ctl 11 450 0.0000000
ctl 11 451 -0.0073798
ctl 11 452 -0.0542507
ctl 11 453 -0.0251466
ctl 11 454 -0.1164070
ctl 11 455 -0.1264523
ctl 11 456 -0.2375917
ctl 11 457 -0.1706948
ctl 11 458 0.3959696
ctl 11 459 -0.2020680
ctl 11 460 0.0926396
ctl 11 461 0.1042244
ctl 11 462 0.0014645
ctl 11 463 -0.0864106
ctl 11 464 0.0073509
ctl 11 465 0.0935475
ctl 11 466 -0.0630494
ctl 11 467 -0.0747407
ctl 11 468 -0.0060840
ctl 11 469 -0.0076969
ctl 11 470 0.0073050
ctl 11 471 -0.2770076
ctl 11 472 0.0000000
ctl 11 473 -0.2770076
ctl 11 474 0.0000000
ctl 11 475 0.0000000
ctl 11 476 -0.0668968
ctl 11 477 0.0000000
ctl 11 478 0.0000000
ctl 11 479 0.0000000
ctl 11 480 0.0034786
ctl 11 481 0.0115542
ctl 11 482 0.0027886
ctl 11 483 -0.0012335
ctl 11 484 -0.2236415
ctl 11 485 -0.0032822
ctl 11 486 0.0198019
ctl 11 487 0.0000000
ctl 11 488 -0.0019807
ctl 11 489 2.0000000
ctl 11 490 0.0000000
ctl 11 491 0.0011295
ctl 11 492 0.0184332
ctl 11 493 0.0045777
ctl 11 494 0.0523819
ctl 11 495 0.0223252
ctl 11 496 0.0161429
ctl 11 497 0.0284161
ctl 11 498 0.0183607
ctl 11 499 0.0340079
ctl 11 500 -0.0328533
ctl 11 501 -0.0481294
ctl 11 502 0.0028688
ctl 11 503 0.0322375
ctl 11 504 -0.0013663
ctl 11 505 -0.0257524
ctl 11 506 -0.0009790
ctl 11 507 0.0235618
ctl 11 508 0.0015140
ctl 11 509 0.0093304
ctl 11 510 0.0017450
ctl 11 511 0.0178212
ctl 11 512 0.0000000
ctl 11 513 0.0178212
ctl 11 514 0.0000000
ctl 11 515 0.0000000
ctl 11 516 -0.0122732
ctl 11 517 0.0000000
ctl 11 518 0.0000000
ctl 11 519 0.0000000
ctl 11 520 0.0034786
ctl 11 521 0.0115542
ctl 11 522 0.0027886
ctl 11 523 -0.0012335
ctl 11 524 -0.2236415
ctl 11 525 -0.0032822
ctl 11 526 0.0198019
ctl 11 527 0.0000000
ctl 11 528 -0.0019807
ctl 11 529 0.0000000
ctl 11 530 2.0000000
ctl 11 531 0.0011295
ctl 11 532 0.0184332
ctl 11 533 0.0045777
ctl 11 534 0.0523819
ctl 11 535 0.0223252
ctl 11 536 0.0161429
ctl 11 537 0.0284161
ctl 11 538 0.0183607
ctl 11 539 0.0340079
ctl 11 540 -0.0328533
ctl 11 541 -0.0481294
ctl 11 542 0.0028688
ctl 11 543 0.0322375
ctl 11 544 -0.0013663
ctl 11 545 -0.0257524
ctl 11 546 -0.0009790
ctl 11 547 0.0235618
ctl 11 548 0.0015140
ctl 11 549 0.0093304
ctl 11 550 0.0017450
ctl 11 551 0.0178212
ctl 11 552 0.0000000
ctl 11 553 0.0178212
ctl 11 554 0.0000000
ctl 11 555 0.0000000
ctl 11 556 -0.0122732
ctl 11 557 0.0000000
ctl 11 558 0.0000000
ctl 11 559 0.0000000
ctl 11 560 0.0299822
ctl 11 561 0.0438919
ctl 11 562 -0.0991870
ctl 11 563 0.0022570
ctl 11 564 -0.0057156
ctl 11 565 0.0987416
ctl 11 566 0.0568200
ctl 11 567 0.0000000
ctl 11 568 -0.0821329
ctl 11 569 0.0000000
ctl 11 570 0.0000000
ctl 11 571 0.9863995
ctl 11 572 -0.0649176
ctl 11 573 0.0180038
ctl 11 574 -0.0132005
ctl 11 575 0.0063353
ctl 11 576 -0.0324628
ctl 11 577 0.0271989
ctl 11 578 0.0575722
ctl 11 579 -0.0703630
ctl 11 580 0.1971539
ctl 11 581 -0.0405147
ctl 11 582 0.0018564
ctl 11 583 0.0380023
ctl 11 584 0.0037639
ctl 11 585 0.0403250
ctl 11 586 0.0757209
ctl 11 587 0.0382514
ctl 11 588 0.0012329
ctl 11 589 -0.0052761
ctl 11 590 -0.0027007
ctl 11 591 -0.0253128
ctl 11 592 0.0000000
ctl 11 593 -0.0253128
ctl 11 594 0.0000000
ctl 11 595 0.0000000
ctl 11 596 -0.0596616
ctl 11 597 0.0000000
ctl 11 598 0.0000000
ctl 11 599 0.0000000
ctl 11 600 -0.0234630
ctl 11 601 0.0061393
ctl 11 602 0.0153900
ctl 11 603 -0.0136270
ctl 11 604 0.0392964
ctl 11 605 -0.1021591
ctl 11 606 0.0237457
ctl 11 607 0.0000000
ctl 11 608 -0.0256795
ctl 11 609 0.0000000
ctl 11 610 0.0000000
ctl 11 611 -0.0385544
ctl 11 612 0.6672927
ctl 11 613 -0.0719409
ctl 11 614 0.0049503
ctl 11 615 0.0124950
ctl 11 616 0.0066809
ctl 11 617 -0.0034262
ctl 11 618 0.0240524
ctl 11 619 -0.0103107
ctl 11 620 -0.0067126
ctl 11 621 0.1746262
ctl 11 622 -0.0073229
ctl 11 623 -0.0672361
ctl 11 624 -0.0171049
ctl 11 625 0.0140681
ctl 11 626 0.0168197
ctl 11 627 -0.0925423
ctl 11 628 0.0037993
ctl 11 629 0.0008638
ctl 11 630 -0.0016166
ctl 11 631 -0.0019336
ctl 11 632 0.0000000
ctl 11 633 -0.0019336
ctl 11 634 0.0000000
ctl 11 635 0.0000000
ctl 11 636 0.0101072
ctl 11 637 0.0000000
ctl 11 638 0.0000000
ctl 11 639 0.0000000
ctl 11 640 -0.1314042
ctl 11 641 -0.1164322
ctl 11 642 -0.1086849
ctl 11 643 0.2404021
ctl 11 644 0.0217150
ctl 11 645 0.2179278
ctl 11 646 -0.0466659
ctl 11 647 0.2858364
ctl 11 648 -0.0241728
ctl 11 649 -0.1039248
ctl 11 650 0.0178212
ctl 11 651 -0.2770076
ctl 11 652 0.0178212
ctl 11 653 0.0178212
ctl 11 654 -0.0253128
ctl 11 655 -0.0019336
bot 12 0.267421 0.266506 0.176741 0.090265 0.199068
nn 12 0 4.5847778
nn 12 1 6.9701433
nn 12 2 2.4192176
nn 12 3 -1.0944005
nn 12 4 0.6041340
nn 12 5 -1.7583468
nn 12 6 0.5957728
nn 12 7 1.4905614
nn 12 8 1.7893350
nn 12 9 0.1503472
nn 12 10 1.8014586
nn 12 11 -2.8249183
nn 12 12 -0.9112927
nn 12 13 -4.5734892
nn 12 14 -3.3391879
nn 12 15 -1.6461130
nn 12 16 -1.2960188
nn 12 17 -1.7032462
nn 12 18 1.1275063
nn 12 19 2.9445338
nn 12 20 -4.8100228
nn 12 21 -5.7019606
nn 12 22 3.2637696
nn 12 23 -1.3750393
nn 12 24 -10.0000000
nn 12 25 6.5318780
nn 12 26 4.7460985
nn 12 27 -0.4316242
nn 12 28 5.6781707
nn 12 29 0.6311119
nn 12 30 0.9245993
nn 12 31 -1.6507139
nn 12 32 -1.0809599
nn 12 33 -0.1953837
nn 12 34 -10.0000000
nn 12 35 10.0000000
nn 12 36 -6.8903527
nn 12 37 9.0613441
nn 12 38 3.7116044
nn 12 39 -3.1825643
nn 12 40 4.7823753
nn 12 41 -2.7031078
nn 12 42 2.7299862
nn 12 43 2.7198095
nn 12 44 -4.0263352
nn 12 45 -5.6950860
nn 12 46 -7.0505877
nn 12 47 9.1792593
nn 12 48 -7.4838300
nn 12 49 -7.7567201
nn 12 50 -0.6286533
nn 12 51 -8.1350975
nn 12 52 6.0764103
nn 12 53 0.3442182
nn 12 54 0.5859345
nn 12 55 3.3675146
nn 12 56 -0.0055500
nn 12 57 -5.3428292
nn 12 58 -9.3236561
nn 12 59 1.2256305
nn 12 60 -2.0207074
nn 12 61 10.0000000
nn 12 62 -1.6474313
nn 12 63 4.0326490
nn 12 64 -1.4537065
nn 12 65 -3.3923228
nn 12 66 2.5991752
nn 12 67 4.9923506
nn 12 68 -0.4261027
nn 12 69 -3.6023390
nn 12 70 -3.2151909
nn 12 71 -3.4398241
nn 12 72 0.7731876
nn 12 73 8.5954819
nn 12 74 -0.5306073
nn 12 75 -0.9077889
nn 12 76 -0.1027429
nn 12 77 -1.1453949
nn 12 78 -0.9416701
nn 12 79 0.4343827
nn 12 80 2.0521083
nn 12 81 -1.0520259
nn 12 82 3.4955547
nn 12 83 0.9178584
nn 12 84 0.4101542
nn 12 85 10.0000000
nn 12 86 4.8265839
nn 12 87 -4.7916880
nn 12 88 -2.4672425
nn 12 89 0.2198644
nn 12 90 2.9696338
nn 12 91 -1.3125939
nn 12 92 -1.0223354
nn 12 93 -0.5626421
nn 12 94 -1.7334327
nn 12 95 9.9658480
nn 12 96 -6.8992257
nn 12 97 9.0118141
nn 12 98 3.7650607
nn 12 99 -3.2680855
nn 12 100 4.7373438
nn 12 101 -2.7386460
nn 12 102 2.7583895
nn 12 103 2.6079140
nn 12 104 -4.0153775
nn 12 105 -5.6516318
nn 12 106 -7.1551414
nn 12 107 9.0506458
nn 12 108 0.8862210
nn 12 109 0.3345513
nn 12 110 1.6434464
nn 12 111 -1.4418757
nn 12 112 -1.6951852
nn 12 113 4.0454998
nn 12 114 0.3145792
nn 12 115 3.7112298
nn 12 116 -3.0220559
nn 12 117 0.0123199
nn 12 118 0.2985647
nn 12 119 2.1447515
nn 12 120 -0.4599947
nn 12 121 6.1414213
nn 12 122 0.5925949
nn 12 123 -0.4711767
nn 12 124 2.5502081
nn 12 125 -0.3754051
nn 12 126 -0.0809154
nn 12 127 -1.0322820
nn 12 128 -0.1569903
nn 12 129 1.0945798
nn 12 130 -1.2539709
nn 12 131 -2.4199798
nn 12 132 -3.0124364
nn 12 133 1.5820142
nn 12 134 -2.4727612
nn 12 135 0.4584530
nn 12 136 2.4671147
nn 12 137 1.5199850
nn 12 138 -3.2640631
nn 12 139 -0.4793884
nn 12 140 -0.2362365
nn 12 141 -1.7771134
nn 12 142 -1.2530408
nn 12 143 0.1281771
nn 12 144 -1.1215098
nn 12 145 1.0508879
nn 12 146 0.3213189
nn 12 147 -3.2304122
nn 12 148 -0.5033928
nn 12 149 -2.4264798
nn 12 150 -1.1630301
nn 12 151 -1.3695562
nn 12 152 0.0076614
nn 12 153 1.7717522
nn 12 154 -0.5629063
nn 12 155 0.7773616
nn 12 156 -1.7296076
nn 12 157 -0.5467390
nn 12 158 2.1181211
nn 12 159 4.8480902
nn 12 160 -0.0515701
nn 12 161 -2.0790088
nn 12 162 -1.5586183
nn 12 163 5.5240946
nn 12 164 2.6294684
nn 12 165 0.8254185
nn 12 166 -1.6495054
nn 12 167 3.3855100
nn 12 168 -0.8789931
nn 12 169 -2.0092020
nn 12 170 -1.9922519
nn 12 171 -1.4808223
nn 12 172 0.5095430
ctl 12 0 0.6269831
ctl 12 1 0.4787936
ctl 12 2 0.7572075
ctl 12 3 -0.0100456
ctl 12 4 0.1250414
ctl 12 5 0.1505153
ctl 12 6 -0.0041490
ctl 12 7 0.0000000
ctl 12 8 -0.1328577
ctl 12 9 0.0000000
ctl 12 10 0.0000000
ctl 12 11 0.1104745
ctl 12 12 0.0012430
ctl 12 13 0.0036863
ctl 12 14 -0.0513225
ctl 12 15 -0.0872034
ctl 12 16 -0.1364418
ctl 12 17 -0.0975402
ctl 12 18 0.0025197
ctl 12 19 -0.1015521
ctl 12 20 -0.1022406
ctl 12 21 0.0398791
ctl 12 22 0.0740997
ctl 12 23 -0.0630535
ctl 12 24 0.0657846
ctl 12 25 0.0068551
ctl 12 26 -0.0237273
ctl 12 27 0.1009376
ctl 12 28 0.0035472
ctl 12 29 0.0019548
ctl 12 30 0.0031594
ctl 12 31 -0.1370068
ctl 12 32 0.0000000
ctl 12 33 -0.1370068
ctl 12 34 0.0000000
ctl 12 35 0.0000000
ctl 12 36 -0.0389017
ctl 12 37 0.0000000
ctl 12 38 -0.0026525
ctl 12 39 0.0044902
ctl 12 40 0.4999630
ctl 12 41 0.9608437
ctl 12 42 0.4513940
ctl 12 43 0.0010127
ctl 12 44 -0.0243864
ctl 12 45 -0.1920438
ctl 12 46 -0.1064340
ctl 12 47 0.0000000
ctl 12 48 0.0186389
ctl 12 49 0.0000000
ctl 12 50 0.0000000
ctl 12 51 -0.0215594
ctl 12 52 0.0112039
ctl 12 53 -0.0164837
ctl 12 54 -0.0021838
ctl 12 55 -0.0041770
ctl 12 56 -0.0969965
ctl 12 57 -0.1130172
ctl 12 58 -0.1147853
ctl 12 59 -0.1011140
ctl 12 60 -0.0330716
ctl 12 61 0.0556227
ctl 12 62 -0.0379374
ctl 12 63 -0.0592633
ctl 12 64 -0.0782895
ctl 12 65 -0.0135091
ctl 12 66 0.0106489
ctl 12 67 -0.2240931
ctl 12 68 0.0047713
ctl 12 69 0.0034945
ctl 12 70 -0.0053506
ctl 12 71 -0.0877946
ctl 12 72 0.0000000
ctl 12 73 -0.0877946
ctl 12 74 0.0000000
ctl 12 75 0.0000000
ctl 12 76 0.0160205
ctl 12 77 0.0000000
ctl 12 78 -0.0035834
ctl 12 79 -0.0038705
ctl 12 80 0.7616343
ctl 12 81 0.4695344
ctl 12 82 0.6449076
ctl 12 83 0.0256902
ctl 12 84 0.1446599
ctl 12 85 0.0006577
ctl 12 86 -0.0360817
ctl 12 87 0.0000000
ctl 12 88 -0.0878333
ctl 12 89 0.0000000
ctl 12 90 0.0000000
ctl 12 91 -0.1114996
ctl 12 92 -0.0118143
ctl 12 93 0.0699273
ctl 12 94 -0.0455453
ctl 12 95 -0.0444780
ctl 12 96 -0.0881910
ctl 12 97 -0.0727836
ctl 12 98 -0.0155116
ctl 12 99 -0.0229615
ctl 12 100 0.0293121
ctl 12 101 0.0602487
ctl 12 102 -0.0523995
ctl 12 103 -0.0057161
ctl 12 104 0.0018393
ctl 12 105 -0.0996031
ctl 12 106 -0.1014368
ctl 12 107 0.0663646
ctl 12 108 -0.0145000
ctl 12 109 -0.0142237
ctl 12 110 0.0006428
ctl 12 111 -0.1239149
ctl 12 112 0.0000000
ctl 12 113 -0.1239149
ctl 12 114 0.0000000
ctl 12 115 0.0000000
ctl 12 116 -0.0154075
ctl 12 117 0.0000000
ctl 12 118 0.0038102
ctl 12 119 -0.0077631
ctl 12 120 -0.0769227
ctl 12 121 0.0255119
ctl 12 122 -0.1054216
ctl 12 123 -0.1866249
ctl 12 124 0.8615407
ctl 12 125 -0.0071405
ctl 12 126 -0.1482655
ctl 12 127 0.0000000
ctl 12 128 -0.0085669
ctl 12 129 0.0000000
ctl 12 130 0.0000000
ctl 12 131 -0.0005519
ctl 12 132 0.0153838
ctl 12 133 0.1825052
ctl 12 134 -0.2279206
ctl 12 135 -0.1358781
ctl 12 136 -0.1430943
ctl 12 137 -0.2844678
ctl 12 138 -0.1069393
ctl 12 139 -0.1852297
ctl 12 140 -0.1377264
ctl 12 141 0.3098597
ctl 12 142 -0.0466173
ctl 12 143 -0.1440753
ctl 12 144 -0.0361015
ctl 12 145 -0.1151088
ctl 12 146 0.0384442
ctl 12 147 -0.1636645
ctl 12 148 -0.0107571
ctl 12 149 0.0010854
ctl 12 150 0.0252792
ctl 12 151 -0.1568323
ctl 12 152 0.0000000
ctl 12 153 -0.1568323
ctl 12 154 0.0000000
ctl 12 155 0.0000000
ctl 12 156 0.1413735
ctl 12 157 0.0000000
ctl 12 158 0.0052817
ctl 12 159 0.3760000
ctl 12 160 0.0228313
ctl 12 161 -0.0150718
ctl 12 162 0.0157591
ctl 12 163 1.9124593
ctl 12 164 -0.1601418
ctl 12 165 -0.0221513
ctl 12 166 0.0256599
ctl 12 167 0.0000000
ctl 12 168 -0.0021413
ctl 12 169 0.0000000
ctl 12 170 0.0000000
ctl 12 171 0.0209183
ctl 12 172 -0.0001574
ctl 12 173 -0.1058075
ctl 12 174 0.0621599
ctl 12 175 0.0117244
ctl 12 176 0.0199544
ctl 12 177 0.0442417
ctl 12 178 0.0152731
ctl 12 179 0.0349463
ctl 12 180 0.0193057
ctl 12 181 -0.0653327
ctl 12 182 0.0210119
ctl 12 183 -0.0311400
ctl 12 184 0.0164511
ctl 12 185 0.0541708
ctl 12 186 -0.0155940
ctl 12 187 0.0276239
ctl 12 188 0.0027385
ctl 12 189 -0.0011729
ctl 12 190 -0.0045858
ctl 12 191 0.0235187
ctl 12 192 0.0000000
ctl 12 193 0.0235187
ctl 12 194 0.0000000
ctl 12 195 0.0000000
ctl 12 196 -0.0242873
ctl 12 197 0.0000000
ctl 12 198 -0.0120000
ctl 12 199 0.0056843
ctl 12 200 -0.0863543
ctl 12 201 -0.0075778
ctl 12 202 -0.0813247
ctl 12 203 -0.0029355
ctl 12 204 0.3919030
ctl 12 205 -0.0057394
ctl 12 206 0.0081676
ctl 12 207 0.0000000
ctl 12 208 -0.1834243
ctl 12 209 0.0000000
ctl 12 210 0.0000000
ctl 12 211 -0.0209093
ctl 12 212 0.0404286
ctl 12 213 0.0655856
ctl 12 214 -0.1318075
ctl 12 215 -0.0799940
ctl 12 216 -0.1626855
ctl 12 217 -0.1903115
ctl 12 218 0.0284679
ctl 12 219 -0.1503146
ctl 12 220 -0.0693646
ctl 12 221 0.1647047
ctl 12 222 -0.0203273
ctl 12 223 -0.0943756
ctl 12 224 -0.0044147
ctl 12 225 -0.0150464
ctl 12 226 -0.0214106
ctl 12 227 -0.1178709
ctl 12 228 -0.0046993
ctl 12 229 0.0098729
ctl 12 230 0.0309344
ctl 12 231 -0.1752567
ctl 12 232 0.0000000
ctl 12 233 -0.1752567
ctl 12 234 0.0000000
ctl 12 235 0.0000000
ctl 12 236 0.0276259
ctl 12 237 0.0000000
ctl 12 238 -0.0052018
ctl 12 239 0.3971168
ctl 12 240 0.0234505
ctl 12 241 -0.0997106
ctl 12 242 0.0162052
ctl 12 243 0.0068719
ctl 12 244 1.1224729
ctl 12 245 -0.0016225
ctl 12 246 -0.2719977
ctl 12 247 0.0000000
ctl 12 248 0.2119432
ctl 12 249 0.0000000
ctl 12 250 0.0000000
ctl 12 251 0.0312310
ctl 12 252 -0.0729524
ctl 12 253 -0.0362938
ctl 12 254 0.1882628
ctl 12 255 0.1404384
ctl 12 256 -0.0582943
ctl 12 257 0.0738923
ctl 12 258 -0.2764592
ctl 12 259 0.0556332
ctl 12 260 0.0342500
ctl 12 261 -0.1133348
ctl 12 262 0.0110221
ctl 12 263 0.0813866
ctl 12 264 -0.0130617
ctl 12 265 -0.0775186
ctl 12 266 -0.0958244
ctl 12 267 0.1095648
ctl 12 268 0.0045151
ctl 12 269 0.0038448
ctl 12 270 0.0081384
ctl 12 271 -0.0600544
ctl 12 272 0.0000000
ctl 12 273 -0.0600544
ctl 12 274 0.0000000
ctl 12 275 0.0000000
ctl 12 276 -0.1321867
ctl 12 277 0.0000000
ctl 12 278 0.0047383
ctl 12 279 -0.0240000
ctl 12 280 -0.1469939
ctl 12 281 0.2035934
ctl 12 282 -0.1555343
ctl 12 283 -0.0172076
ctl 12 284 0.4616521
ctl 12 285 0.0272018
ctl 12 286 -0.1237554
ctl 12 287 0.0000000
ctl 12 288 0.0248207
ctl 12 289 0.0000000
ctl 12 290 0.0000000
ctl 12 291 0.0046782
ctl 12 292 0.0753748
ctl 12 293 -0.0582768
ctl 12 294 -0.1743922
ctl 12 295 0.1834574
ctl 12 296 -0.0831976
ctl 12 297 -0.0241724
ctl 12 298 -0.0821159
ctl 12 299 -0.0323585
ctl 12 300 -0.0721162
ctl 12 301 0.2823271
ctl 12 302 0.0276913
ctl 12 303 -0.2932770
ctl 12 304 0.0038064
ctl 12 305 -0.0393989
ctl 12 306 -0.1591864
ctl 12 307 0.2173391
ctl 12 308 0.0060871
ctl 12 309 -0.0058876
ctl 12 310 -0.0036017
ctl 12 311 -0.0989347
ctl 12 312 0.0000000
ctl 12 313 -0.0989347
ctl 12 314 0.0000000
ctl 12 315 0.0000000
ctl 12 316 -0.0590253
ctl 12 317 0.0000000
ctl 12 318 0.0039172
ctl 12 319 0.3813806
ctl 12 320 0.1098591
ctl 12 321 -0.2581514
ctl 12 322 0.1012292
ctl 12 323 0.0147389
ctl 12 324 0.2018238
ctl 12 325 0.8965175
ctl 12 326 0.0828970
ctl 12 327 0.0000000
ctl 12 328 -0.1299598
ctl 12 329 0.0000000
ctl 12 330 0.0000000
ctl 12 331 0.0387501
ctl 12 332 0.1117932
ctl 12 333 0.1060276
ctl 12 334 0.0628085
ctl 12 335 -0.4759751
ctl 12 336 -0.0638337
ctl 12 337 -0.0999739
ctl 12 338 0.0563676
ctl 12 339 0.0679653
ctl 12 340 0.0749560
ctl 12 341 -0.0307348
ctl 12 342 -0.0521075
ctl 12 343 0.1875652
ctl 12 344 -0.1148969
ctl 12 345 -0.2879963
ctl 12 346 -0.1051127
ctl 12 347 -0.5239311
ctl 12 348 -0.0145000
ctl 12 349 -0.0139141
ctl 12 350 -0.0046972
ctl 12 351 -0.0470632
ctl 12 352 0.0000000
ctl 12 353 -0.0470632
ctl 12 354 0.0000000
ctl 12 355 0.0000000
ctl 12 356 0.0361401
ctl 12 357 0.0000000
ctl 12 358 -0.0089277
ctl 12 359 0.0048564
ctl 12 360 -0.0357810
ctl 12 361 -0.0577141
ctl 12 362 -0.0224197
ctl 12 363 0.0056335
ctl 12 364 -0.1476300
ctl 12 365 -0.0009107
ctl 12 366 1.3703686
ctl 12 367 0.0000000
ctl 12 368 0.5137151
ctl 12 369 0.0000000
ctl 12 370 0.0000000
ctl 12 371 0.0224481
ctl 12 372 -0.0072691
ctl 12 373 0.0255606
ctl 12 374 -0.0597431
ctl 12 375 -0.0394021
ctl 12 376 -0.1243022
ctl 12 377 -0.1369182
ctl 12 378 -0.5636290
ctl 12 379 -0.0796496
ctl 12 380 -0.0914024
ctl 12 381 0.0562603
ctl 12 382 0.0109200
ctl 12 383 -0.0455174
ctl 12 384 0.0178873
ctl 12 385 -0.0056625
ctl 12 386 -0.0357049
ctl 12 387 -0.0334337
ctl 12 388 0.0031725
ctl 12 389 0.0008443
ctl 12 390 0.0051319
ctl 12 391 -0.1159145
ctl 12 392 0.0000000
ctl 12 393 -0.1159145
ctl 12 394 0.0000000
ctl 12 395 0.0000000
ctl 12 396 0.0126158
ctl 12 397 0.0000000
ctl 12 398 0.0058468
ctl 12 399 -0.0240000
ctl 12 400 0.0114363
ctl 12 401 -0.0058299
ctl 12 402 0.0149776
ctl 12 403 -0.0075585
ctl 12 404 -0.2110309
ctl 12 405 0.0098253
ctl 12 406 0.0304683
ctl 12 407 2.0000000
ctl 12 408 -0.0098842
ctl 12 409 0.0000000
ctl 12 410 0.0000000
ctl 12 411 0.0071272
ctl 12 412 0.0143193
ctl 12 413 -0.0249915
ctl 12 414 0.0457257
ctl 12 415 0.0342917
ctl 12 416 0.0177980
ctl 12 417 0.0500360
ctl 12 418 0.0206131
ctl 12 419 0.0276227
ctl 12 420 0.0208418
ctl 12 421 -0.0581395
ctl 12 422 0.0052439
ctl 12 423 0.0312423
ctl 12 424 0.0133163
ctl 12 425 0.0355978
ctl 12 426 -0.0066908
ctl 12 427 0.0401021
ctl 12 428 0.0025103
ctl 12 429 -0.0011729
ctl 12 430 -0.0071720
ctl 12 431 0.0205841
ctl 12 432 0.0000000
ctl 12 433 0.0205841
ctl 12 434 0.0000000
ctl 12 435 0.0000000
ctl 12 436 -0.0322380
ctl 12 437 0.0000000
ctl 12 438 0.0018380
ctl 12 439 0.0060355
ctl 12 440 -0.1035738
ctl 12 441 -0.0408068
ctl 12 442 -0.1153394
ctl 12 443 0.0225987
ctl 12 444 0.7344823
ctl 12 445 -0.0405925
ctl 12 446 0.4430387
ctl 12 447 0.0000000
ctl 12 448 1.2972337
ctl 12 449 0.0000000
ctl 12 450 0.0000000
ctl 12 451 -0.0120321
ctl 12 452 -0.0374896
ctl 12 453 0.0615332
ctl 12 454 -0.1356503
ctl 12 455 -0.1266544
ctl 12 456 -0.2196257
ctl 12 457 -0.2204311
ctl 12 458 0.3885303
ctl 12 459 -0.1918512
ctl 12 460 -0.0613481
ctl 12 461 0.1730449
ctl 12 462 -0.0194387
ctl 12 463 -0.1097734
ctl 12 464 -0.0483608
ctl 12 465 -0.1145991
ctl 12 466 -0.0657505
ctl 12 467 -0.1134768
ctl 12 468 -0.0119620
ctl 12 469 -0.0102525
ctl 12 470 0.0084394
ctl 12 471 -0.2597206
ctl 12 472 0.0000000
ctl 12 473 -0.2597206
ctl 12 474 0.0000000
ctl 12 475 0.0000000
ctl 12 476 0.0008050
ctl 12 477 0.0000000
ctl 12 478 -0.0095258
ctl 12 479 0.0147748
ctl 12 480 0.0114363
ctl 12 481 -0.0058299
ctl 12 482 0.0149776
ctl 12 483 -0.0075585
ctl 12 484 -0.2110309
ctl 12 485 0.0098253
ctl 12 486 0.0304683
ctl 12 487 0.0000000
ctl 12 488 -0.0098842
ctl 12 489 2.0000000
ctl 12 490 0.0000000
ctl 12 491 0.0071272
ctl 12 492 0.0143193
ctl 12 493 -0.0249915
ctl 12 494 0.0457257
ctl 12 495 0.0342917
ctl 12 496 0.0177980
ctl 12 497 0.0500360
ctl 12 498 0.0206131
ctl 12 499 0.0276227
ctl 12 500 0.0208418
ctl 12 501 -0.0581395
ctl 12 502 0.0052439
ctl 12 503 0.0312423
ctl 12 504 0.0133163
ctl 12 505 0.0355978
ctl 12 506 -0.0066908
ctl 12 507 0.0401021
ctl 12 508 0.0025103
ctl 12 509 -0.0011729
ctl 12 510 -0.0071720
ctl 12 511 0.0205841
ctl 12 512 0.0000000
ctl 12 513 0.0205841
ctl 12 514 0.0000000
ctl 12 515 0.0000000
ctl 12 516 -0.0322380
ctl 12 517 0.0000000
ctl 12 518 0.0018380
ctl 12 519 0.0060355
ctl 12 520 0.0114363
ctl 12 521 -0.0058299
ctl 12 522 0.0149776
ctl 12 523 -0.0075585
ctl 12 524 -0.2110309
ctl 12 525 0.0098253
ctl 12 526 0.0304683
ctl 12 527 0.0000000
ctl 12 528 -0.0098842
ctl 12 529 0.0000000
ctl 12 530 2.0000000
ctl 12 531 0.0071272
ctl 12 532 0.0143193
ctl 12 533 -0.0249915
ctl 12 534 0.0457257
ctl 12 535 0.0342917
ctl 12 536 0.0177980
ctl 12 537 0.0500360
ctl 12 538 0.0206131
ctl 12 539 0.0276227
ctl 12 540 0.0208418
ctl 12 541 -0.0581395
ctl 12 542 0.0052439
ctl 12 543 0.0312423
ctl 12 544 0.0133163
ctl 12 545 0.0355978
ctl 12 546 -0.0066908
ctl 12 547 0.0401021
ctl 12 548 0.0025103
ctl 12 549 -0.0011729
ctl 12 550 -0.0071720
ctl 12 551 0.0205841
ctl 12 552 0.0000000
ctl 12 553 0.0205841
ctl 12 554 0.0000000
ctl 12 555 0.0000000
ctl 12 556 -0.0322380
ctl 12 557 0.0000000
ctl 12 558 0.0018380
ctl 12 559 0.0060355
ctl 12 560 0.0746056
ctl 12 561 -0.0080942
ctl 12 562 -0.0432659
ctl 12 563 -0.0217503
ctl 12 564 -0.0085082
ctl 12 565 -0.1073990
ctl 12 566 -0.0557941
ctl 12 567 0.0000000
ctl 12 568 0.0790397
ctl 12 569 0.0000000
ctl 12 570 0.0000000
ctl 12 571 0.8820272
ctl 12 572 0.0338011
ctl 12 573 -0.0267967
ctl 12 574 0.0091415
ctl 12 575 -0.0041929
ctl 12 576 0.0257343
ctl 12 577 -0.0108491
ctl 12 578 -0.0579114
ctl 12 579 0.0939814
ctl 12 580 0.2114937
ctl 12 581 0.0220227
ctl 12 582 0.0002938
ctl 12 583 -0.0167630
ctl 12 584 -0.0130714
ctl 12 585 -0.0346895
ctl 12 586 -0.0899842
ctl 12 587 -0.0444184
ctl 12 588 0.0000219
ctl 12 589 0.0049296
ctl 12 590 0.0001134
ctl 12 591 0.0232457
ctl 12 592 0.0000000
ctl 12 593 0.0232457
ctl 12 594 0.0000000
ctl 12 595 0.0000000
ctl 12 596 0.0365834
ctl 12 597 0.0000000
ctl 12 598 -0.0006772
ctl 12 599 0.0009507
ctl 12 600 -0.0013533
ctl 12 601 0.0196780
ctl 12 602 -0.0175258
ctl 12 603 -0.0131464
ctl 12 604 0.0541190
ctl 12 605 -0.0993702
ctl 12 606 0.0288030
ctl 12 607 0.0000000
ctl 12 608 -0.0280041
ctl 12 609 0.0000000
ctl 12 610 0.0000000
ctl 12 611 0.0085272
ctl 12 612 0.5528687
ctl 12 613 -0.0702755
ctl 12 614 -0.0075318
ctl 12 615 0.0267734
ctl 12 616 0.0068369
ctl 12 617 0.0083808
ctl 12 618 0.0250102
ctl 12 619 -0.0176645
ctl 12 620 -0.0065099
ctl 12 621 0.1614753
ctl 12 622 0.0031672
ctl 12 623 -0.0939451
ctl 12 624 -0.0152160
ctl 12 625 0.0426468
ctl 12 626 0.0258340
ctl 12 627 -0.0813236
ctl 12 628 0.0024468
ctl 12 629 0.0006439
ctl 12 630 0.0017712
ctl 12 631 0.0007990
ctl 12 632 0.0000000
ctl 12 633 0.0007990
ctl 12 634 0.0000000
ctl 12 635 0.0000000
ctl 12 636 -0.0015439
ctl 12 637 0.0000000
ctl 12 638 0.0014530
ctl 12 639 0.0036803
ctl 12 640 -0.1370068
ctl 12 641 -0.0877946
ctl 12 642 -0.1239149
ctl 12 643 0.2431670
ctl 12 644 0.0235187
ctl 12 645 0.2247432
ctl 12 646 -0.0600544
ctl 12 647 0.3010649
ctl 12 648 -0.0470632
ctl 12 649 -0.1159145
ctl 12 650 0.0205841
ctl 12 651 -0.2597206
ctl 12 652 0.0205841
ctl 12 653 0.0205841
ctl 12 654 0.0232457
ctl 12 655 0.0007990
bot 13 0.020059 0.359432 0.182217 0.171676 0.266616
nn 13 0 -4.2593169
nn 13 1 -0.2779030
nn 13 2 -5.3002977
nn 13 3 -0.2990730
nn 13 4 -0.4498845
nn 13 5 -0.9085367
nn 13 6 0.7811601
nn 13 7 -1.6628896
nn 13 8 -2.4917488
nn 13 9 -3.8428590
nn 13 10 -8.6876421
nn 13 11 0.2893797
nn 13 12 0.0470041
nn 13 13 -1.6995533
nn 13 14 -5.4746757
nn 13 15 2.1810291
nn 13 16 0.1909374
nn 13 17 1.7047513
nn 13 18 1.9074975
nn 13 19 5.9635568
nn 13 20 -2.7821629
nn 13 21 -0.6200338
nn 13 22 3.6123946
nn 13 23 4.7088695
nn 13 24 -0.0708258
nn 13 25 3.2843528
nn 13 26 9.9991789
nn 13 27 2.1001608
nn 13 28 -4.0537438
nn 13 29 -3.7575340
nn 13 30 1.0368479
nn 13 31 1.1166135
nn 13 32 7.8711238
nn 13 33 1.0790282
nn 13 34 0.0589609
nn 13 35 -0.3234217
nn 13 36 -4.1502924
nn 13 37 1.1923491
nn 13 38 4.5323143
nn 13 39 3.7782094
nn 13 40 -4.1853294
nn 13 41 -2.8792236
nn 13 42 3.6609638
nn 13 43 5.4926043
nn 13 44 2.6491063
nn 13 45 -3.2727849
nn 13 46 -5.0239296
nn 13 47 4.6857634
nn 13 48 -1.6732570
nn 13 49 -1.4796448
nn 13 50 10.0000000
nn 13 51 1.7110931
nn 13 52 -3.8738785
nn 13 53 -3.3964238
nn 13 54 0.2320289
nn 13 55 6.4658151
nn 13 56 6.2088509
nn 13 57 -1.1938283
nn 13 58 0.3525048
nn 13 59 -3.3188500
nn 13 60 -3.5040460
nn 13 61 -1.5391768
nn 13 62 0.2467380
nn 13 63 2.0405657
nn 13 64 0.1063039
nn 13 65 -1.1978661
nn 13 66 1.2082775
nn 13 67 -0.4201576
nn 13 68 -8.4593267
nn 13 69 -2.5357530
nn 13 70 -5.5145354
nn 13 71 1.3857442
nn 13 72 -3.4492486
nn 13 73 -1.7402281
nn 13 74 1.3416251
nn 13 75 2.6844466
nn 13 76 -0.1126142
nn 13 77 0.5911584
nn 13 78 0.6074262
nn 13 79 0.0115369
nn 13 80 -0.1756558
nn 13 81 -0.1164649
nn 13 82 0.1210832
nn 13 83 -0.0447731
nn 13 84 -0.9182189
nn 13 85 -0.2075396
nn 13 86 10.0000000
nn 13 87 1.3538132
nn 13 88 1.2653220
nn 13 89 -4.7174902
nn 13 90 2.0369508
nn 13 91 6.9316978
nn 13 92 -0.0717660
nn 13 93 -2.2174656
nn 13 94 2.9945180
nn 13 95 5.7812805
nn 13 96 -4.2133703
nn 13 97 1.2758592
nn 13 98 4.4561491
nn 13 99 3.7504840
nn 13 100 -4.2767034
nn 13 101 -2.8709507
nn 13 102 3.5570996
nn 13 103 5.5604482
nn 13 104 2.6526210
nn 13 105 -3.3083568
nn 13 106 -5.1372700
nn 13 107 4.7375941
nn 13 108 0.8536191
nn 13 109 0.7330015
nn 13 110 1.2829826
nn 13 111 3.2474906
nn 13 112 1.2553928
nn 13 113 -0.1880649
nn 13 114 -0.5637378
nn 13 115 3.6030338
nn 13 116 2.1560476
nn 13 117 0.2195512
nn 13 118 2.4874194
nn 13 119 0.5642105
nn 13 120 -0.5352310
nn 13 121 -0.2390742
nn 13 122 0.6443124
nn 13 123 -1.5934241
nn 13 124 -1.9074410
nn 13 125 -0.2239228
nn 13 126 0.1173615
nn 13 127 -1.7337942
nn 13 128 4.4265504
nn 13 129 0.0325544
nn 13 130 -0.0737368
nn 13 131 -0.7509717
nn 13 132 2.8488426
nn 13 133 -2.1309683
nn 13 134 1.0285943
nn 13 135 -2.1605599
nn 13 136 -3.7643757
nn 13 137 3.0810313
nn 13 138 3.0171831
nn 13 139 -0.5935644
nn 13 140 -1.2726715
nn 13 141 0.5178953
nn 13 142 -1.0796220
nn 13 143 1.3894899
nn 13 144 -3.1125071
nn 13 145 0.5043806
nn 13 146 2.2777348
nn 13 147 -3.9114728
nn 13 148 -1.1933416
nn 13 149 -3.0615349
nn 13 150 -0.2008263
nn 13 151 -0.5901419
nn 13 152 -1.3091130
nn 13 153 0.1038791
nn 13 154 -0.2746741
nn 13 155 -1.7621260
nn 13 156 -1.5191747
nn 13 157 0.6888899
nn 13 158 1.7976253
nn 13 159 0.5800171
nn 13 160 1.2005651
nn 13 161 4.0733294
nn 13 162 -0.1075404
nn 13 163 0.3861869
nn 13 164 -3.2011468
nn 13 165 -0.0536186
nn 13 166 -0.3302829
nn 13 167 1.7381306
nn 13 168 -1.4480169
nn 13 169 -0.7898107
nn 13 170 -0.3645543
nn 13 171 0.6050373
nn 13 172 -2.3940191
ctl 13 0 0.4993176
ctl 13 1 0.6079325
ctl 13 2 0.7575037
ctl 13 3 -0.0070479
ctl 13 4 0.0255151
ctl 13 5 0.0036921
ctl 13 6 -0.0343768
ctl 13 7 0.0000000
ctl 13 8 -0.1008628
ctl 13 9 0.0000000
ctl 13 10 0.0000000
ctl 13 11 -0.0090316
ctl 13 12 0.0035373
ctl 13 13 -0.0170209
ctl 13 14 -0.0418042
ctl 13 15 -0.0360278
ctl 13 16 -0.1105354
ctl 13 17 -0.0340482
ctl 13 18 -0.0154524
ctl 13 19 -0.0122046
ctl 13 20 0.0175617
ctl 13 21 -0.0606427
ctl 13 22 0.0075326
ctl 13 23 0.0952903
ctl 13 24 0.0278774
ctl 13 25 -0.0321275
ctl 13 26 -0.1231512
ctl 13 27 0.0582967
ctl 13 28 -0.0038688
ctl 13 29 -0.0206364
ctl 13 30 0.0135259
ctl 13 31 -0.1352400
ctl 13 32 0.0000000
ctl 13 33 -0.1352400
ctl 13 34 0.0000000
ctl 13 35 0.0000000
ctl 13 36 -0.0764874
ctl 13 37 0.0000000
ctl 13 38 0.0000000
ctl 13 39 0.0000000
ctl 13 40 0.4961996
ctl 13 41 0.6810909
ctl 13 42 0.7005631
ctl 13 43 0.0070599
ctl 13 44 0.0842352
ctl 13 45 -0.2514168
ctl 13 46 -0.0378690
ctl 13 47 0.0000000
ctl 13 48 -0.0842732
ctl 13 49 0.0000000
ctl 13 50 0.0000000
ctl 13 51 -0.0551747
ctl 13 52 -0.0142864
ctl 13 53 -0.0510827
ctl 13 54 -0.0166241
ctl 13 55 -0.0369707
ctl 13 56 -0.1235917
ctl 13 57 -0.0990349
ctl 13 58 -0.0532682
ctl 13 59 -0.1079873
ctl 13 60 -0.0704380
ctl 13 61 -0.0368347
ctl 13 62 0.0281409
ctl 13 63 0.0176856
ctl 13 64 -0.0474185
ctl 13 65 -0.0367720
ctl 13 66 -0.0359774
ctl 13 67 -0.2505775
ctl 13 68 -0.0042603
ctl 13 69 -0.0020180
ctl 13 70 -0.0165915
ctl 13 71 -0.1221416
ctl 13 72 0.0000000
ctl 13 73 -0.1221416
ctl 13 74 0.0000000
ctl 13 75 0.0000000
ctl 13 76 -0.0245574
ctl 13 77 0.0000000
ctl 13 78 0.0000000
ctl 13 79 0.0000000
ctl 13 80 0.8898594
ctl 13 81 0.6231512
ctl 13 82 0.3770841
ctl 13 83 0.0098114
ctl 13 84 0.2499319
ctl 13 85 0.2892352
ctl 13 86 -0.0550901
ctl 13 87 0.0000000
ctl 13 88 -0.0548090
ctl 13 89 0.0000000
ctl 13 90 0.0000000
ctl 13 91 0.0717263
ctl 13 92 -0.0088626
ctl 13 93 0.1036506
ctl 13 94 -0.1100979
ctl 13 95 -0.0167971
ctl 13 96 -0.0961109
ctl 13 97 -0.0656862
ctl 13 98 -0.0544291
ctl 13 99 -0.1327958
ctl 13 100 0.1922058
ctl 13 101 0.2683490
ctl 13 102 -0.0490506
ctl 13 103 -0.2643405
ctl 13 104 0.0211003
ctl 13 105 0.0783467
ctl 13 106 0.0458101
ctl 13 107 0.1378371
ctl 13 108 0.0046429
ctl 13 109 0.0133299
ctl 13 110 0.0016017
ctl 13 111 -0.1098992
ctl 13 112 0.0000000
ctl 13 113 -0.1098992
ctl 13 114 0.0000000
ctl 13 115 0.0000000
ctl 13 116 -0.0304251
ctl 13 117 0.0000000
ctl 13 118 0.0000000
ctl 13 119 0.0000000
ctl 13 120 -0.1016543
ctl 13 121 -0.0180163
ctl 13 122 -0.0654507
ctl 13 123 -0.1458744
ctl 13 124 0.9965526
ctl 13 125 0.0581769
ctl 13 126 -0.1364062
ctl 13 127 0.0000000
ctl 13 128 -0.0487150
ctl 13 129 0.0000000
ctl 13 130 0.0000000
ctl 13 131 -0.0133082
ctl 13 132 0.0266488
ctl 13 133 0.0950256
ctl 13 134 -0.2995774
ctl 13 135 -0.1398318
ctl 13 136 -0.1624487
ctl 13 137 -0.1751369
ctl 13 138 -0.1216303
ctl 13 139 -0.1768026
ctl 13 140 0.1613419
ctl 13 141 0.2683822
ctl 13 142 -0.0212439
ctl 13 143 -0.1460277
ctl 13 144 -0.0089415
ctl 13 145 0.0616502
ctl 13 146 -0.0433110
ctl 13 147 -0.1315781
ctl 13 148 -0.0015272
ctl 13 149 -0.0193717
ctl 13 150 -0.0092634
ctl 13 151 -0.1851214
ctl 13 152 0.0000000
ctl 13 153 -0.1851214
ctl 13 154 0.0000000
ctl 13 155 0.0000000
ctl 13 156 0.0126880
ctl 13 157 0.0000000
ctl 13 158 0.0000000
ctl 13 159 0.4000000
ctl 13 160 0.0160667
ctl 13 161 0.0127016
ctl 13 162 -0.0036388
ctl 13 163 1.9016026
ctl 13 164 -0.2022178
ctl 13 165 -0.0314433
ctl 13 166 0.0246539
ctl 13 167 0.0000000
ctl 13 168 0.0004756
ctl 13 169 0.0000000
ctl 13 170 0.0000000
ctl 13 171 -0.0088173
ctl 13 172 -0.0044377
ctl 13 173 -0.0550555
ctl 13 174 0.0639005
ctl 13 175 0.0197881
ctl 13 176 0.0197856
ctl 13 177 0.0159956
ctl 13 178 0.0214413
ctl 13 179 0.0338008
ctl 13 180 -0.0240717
ctl 13 181 -0.0592414
ctl 13 182 0.0105131
ctl 13 183 -0.0077322
ctl 13 184 0.0087504
ctl 13 185 -0.0140364
ctl 13 186 0.0101419
ctl 13 187 0.0126852
ctl 13 188 -0.0050479
ctl 13 189 0.0047775
ctl 13 190 0.0029018
ctl 13 191 0.0251295
ctl 13 192 0.0000000
ctl 13 193 0.0251295
ctl 13 194 0.0000000
ctl 13 195 0.0000000
ctl 13 196 0.0037901
ctl 13 197 0.0000000
ctl 13 198 0.0000000
ctl 13 199 0.0000000
ctl 13 200 -0.0889148
ctl 13 201 -0.0301057
ctl 13 202 -0.0590956
ctl 13 203 -0.0003222
ctl 13 204 0.4933457
ctl 13 205 -0.0040960
ctl 13 206 0.0194795
ctl 13 207 0.0000000
ctl 13 208 -0.1975961
ctl 13 209 0.0000000
ctl 13 210 0.0000000
ctl 13 211 -0.0181947
ctl 13 212 0.0195455
ctl 13 213 0.0369236
ctl 13 214 -0.1899899
ctl 13 215 -0.0821054
ctl 13 216 -0.1643564
ctl 13 217 -0.1225976
ctl 13 218 0.0320704
ctl 13 219 -0.1416412
ctl 13 220 0.0831098
ctl 13 221 0.1636815
ctl 13 222 0.0170653
ctl 13 223 -0.0987204
ctl 13 224 -0.0111693
ctl 13 225 0.0034158
ctl 13 226 -0.0708335
ctl 13 227 -0.0765515
ctl 13 228 -0.0054307
ctl 13 229 -0.0139303
ctl 13 230 -0.0064533
ctl 13 231 -0.1781164
ctl 13 232 0.0000000
ctl 13 233 -0.1781164
ctl 13 234 0.0000000
ctl 13 235 0.0000000
ctl 13 236 -0.0417585
ctl 13 237 0.0000000
ctl 13 238 0.0000000
ctl 13 239 0.4000000
ctl 13 240 -0.0070226
ctl 13 241 -0.0497436
ctl 13 242 -0.0080986
ctl 13 243 0.0048115
ctl 13 244 0.9948567
ctl 13 245 0.0276777
ctl 13 246 -0.2927269
ctl 13 247 0.0000000
ctl 13 248 0.2278631
ctl 13 249 0.0000000
ctl 13 250 0.0000000
ctl 13 251 -0.0110739
ctl 13 252 -0.0199013
ctl 13 253 -0.0256472
ctl 13 254 0.1981840
ctl 13 255 0.1251950
ctl 13 256 -0.0512698
ctl 13 257 0.0047737
ctl 13 258 -0.3129411
ctl 13 259 0.0329872
ctl 13 260 -0.0507616
ctl 13 261 -0.0760079
ctl 13 262 -0.0149550
ctl 13 263 0.0563707
ctl 13 264 -0.0058686
ctl 13 265 -0.0269781
ctl 13 266 -0.0551964
ctl 13 267 0.0747317
ctl 13 268 0.0081244
ctl 13 269 0.0175769
ctl 13 270 0.0082979
ctl 13 271 -0.0648646
ctl 13 272 0.0000000
ctl 13 273 -0.0648646
ctl 13 274 0.0000000
ctl 13 275 0.0000000
ctl 13 276 -0.0560433
ctl 13 277 0.0000000
ctl 13 278 0.0000000
ctl 13 279 0.0000000
ctl 13 280 -0.0960526
ctl 13 281 0.1378320
ctl 13 282 -0.1944272
ctl 13 283 -0.0167414
ctl 13 284 0.6352331
ctl 13 285 0.1505396
ctl 13 286 -0.0875898
ctl 13 287 0.0000000
ctl 13 288 -0.0650581
ctl 13 289 0.0000000
ctl 13 290 0.0000000
ctl 13 291 0.0002400
ctl 13 292 0.0018584
ctl 13 293 0.0383467
ctl 13 294 -0.2896166
ctl 13 295 0.1632625
ctl 13 296 -0.1272389
ctl 13 297 -0.0307313
ctl 13 298 -0.0729551
ctl 13 299 -0.0047261
ctl 13 300 0.0807518
ctl 13 301 0.2422309
ctl 13 302 -0.0405778
ctl 13 303 -0.3101799
ctl 13 304 0.0310331
ctl 13 305 -0.0960699
ctl 13 306 -0.2159853
ctl 13 307 0.3445570
ctl 13 308 0.0060158
ctl 13 309 0.0142484
ctl 13 310 0.0095054
ctl 13 311 -0.1526480
ctl 13 312 0.0000000
ctl 13 313 -0.1526480
ctl 13 314 0.0000000
ctl 13 315 0.0000000
ctl 13 316 -0.0965075
ctl 13 317 0.0000000
ctl 13 318 0.0000000
ctl 13 319 0.4000000
ctl 13 320 0.0449818
ctl 13 321 -0.1935574
ctl 13 322 0.1330981
ctl 13 323 -0.0188634
ctl 13 324 0.0839719
ctl 13 325 0.8294855
ctl 13 326 0.0436134
ctl 13 327 0.0000000
ctl 13 328 -0.0590906
ctl 13 329 0.0000000
ctl 13 330 0.0000000
ctl 13 331 -0.0618880
ctl 13 332 0.0804320
ctl 13 333 0.0101936
ctl 13 334 0.1261887
ctl 13 335 -0.3862616
ctl 13 336 -0.0375323
ctl 13 337 -0.0196298
ctl 13 338 0.0357109
ctl 13 339 0.0125357
ctl 13 340 -0.0696080
ctl 13 341 0.0155931
ctl 13 342 0.0531425
ctl 13 343 0.1570790
ctl 13 344 -0.1195651
ctl 13 345 -0.1064449
ctl 13 346 -0.0711045
ctl 13 347 -0.7517746
ctl 13 348 -0.0120000
ctl 13 349 -0.0385000
ctl 13 350 -0.0233702
ctl 13 351 -0.0154774
ctl 13 352 0.0000000
ctl 13 353 -0.0154774
ctl 13 354 0.0000000
ctl 13 355 0.0000000
ctl 13 356 -0.0179028
ctl 13 357 0.0000000
ctl 13 358 0.0000000
ctl 13 359 0.0000000
ctl 13 360 -0.0540851
ctl 13 361 -0.0295788
ctl 13 362 -0.0177114
ctl 13 363 0.0046345
ctl 13 364 -0.1270225
ctl 13 365 -0.0054629
ctl 13 366 1.4050242
ctl 13 367 0.0000000
ctl 13 368 0.4936003
ctl 13 369 0.0000000
ctl 13 370 0.0000000
ctl 13 371 -0.0169142
ctl 13 372 -0.0220429
ctl 13 373 0.0012767
ctl 13 374 -0.1235911
ctl 13 375 -0.0120877
ctl 13 376 -0.1138674
ctl 13 377 -0.0816012
ctl 13 378 -0.5684742
ctl 13 379 -0.0875623
ctl 13 380 0.0565456
ctl 13 381 0.0685654
ctl 13 382 0.0056321
ctl 13 383 -0.0537118
ctl 13 384 0.0033788
ctl 13 385 -0.0310908
ctl 13 386 -0.0467178
ctl 13 387 -0.0328074
ctl 13 388 -0.0045665
ctl 13 389 0.0002727
ctl 13 390 -0.0095282
ctl 13 391 -0.1013752
ctl 13 392 0.0000000
ctl 13 393 -0.1013752
ctl 13 394 0.0000000
ctl 13 395 0.0000000
ctl 13 396 -0.0322661
ctl 13 397 0.0000000
ctl 13 398 0.0000000
ctl 13 399 0.0000000
ctl 13 400 0.0190055
ctl 13 401 -0.0022019
ctl 13 402 0.0089496
ctl 13 403 -0.0073506
ctl 13 404 -0.2306003
ctl 13 405 -0.0141323
ctl 13 406 0.0323286
ctl 13 407 2.0000000
ctl 13 408 -0.0065754
ctl 13 409 0.0000000
ctl 13 410 0.0000000
ctl 13 411 0.0098019
ctl 13 412 0.0091558
ctl 13 413 -0.0162311
ctl 13 414 0.0560005
ctl 13 415 0.0341621
ctl 13 416 0.0211470
ctl 13 417 0.0174499
ctl 13 418 0.0288484
ctl 13 419 0.0247065
ctl 13 420 -0.0266454
ctl 13 421 -0.0450397
ctl 13 422 0.0029189
ctl 13 423 0.0273054
ctl 13 424 0.0064567
ctl 13 425 -0.0001893
ctl 13 426 0.0070411
ctl 13 427 0.0309540
ctl 13 428 0.0018940
ctl 13 429 0.0045619
ctl 13 430 0.0021598
ctl 13 431 0.0257532
ctl 13 432 0.0000000
ctl 13 433 0.0257532
ctl 13 434 0.0000000
ctl 13 435 0.0000000
ctl 13 436 0.0036971
ctl 13 437 0.0000000
ctl 13 438 0.0000000
ctl 13 439 0.0000000
ctl 13 440 -0.1120640
ctl 13 441 -0.0725605
ctl 13 442 -0.1112377
ctl 13 443 0.0167578
ctl 13 444 0.8046842
ctl 13 445 0.0510694
ctl 13 446 0.3934081
ctl 13 447 0.0000000
ctl 13 448 1.3107275
ctl 13 449 0.0000000
ctl 13 450 0.0000000
ctl 13 451 -0.0301954
ctl 13 452 -0.0160928
ctl 13 453 0.0319763
ctl 13 454 -0.1194957
ctl 13 455 -0.1464530
ctl 13 456 -0.2329648
ctl 13 457 -0.1410177
ctl 13 458 0.3693528
ctl 13 459 -0.1901341
ctl 13 460 0.0957238
ctl 13 461 0.1035980
ctl 13 462 -0.0198524
ctl 13 463 -0.0653142
ctl 13 464 -0.0249939
ctl 13 465 0.0114377
ctl 13 466 -0.0786471
ctl 13 467 -0.0866771
ctl 13 468 -0.0017830
ctl 13 469 -0.0142698
ctl 13 470 0.0021409
ctl 13 471 -0.2958626
ctl 13 472 0.0000000
ctl 13 473 -0.2958626
ctl 13 474 0.0000000
ctl 13 475 0.0000000
ctl 13 476 -0.0919466
ctl 13 477 0.0000000
ctl 13 478 0.0000000
ctl 13 479 0.0000000
ctl 13 480 0.0190055
ctl 13 481 -0.0022019
ctl 13 482 0.0089496
ctl 13 483 -0.0073506
ctl 13 484 -0.2306003
ctl 13 485 -0.0141323
ctl 13 486 0.0323286
ctl 13 487 0.0000000
ctl 13 488 -0.0065754
ctl 13 489 2.0000000
ctl 13 490 0.0000000
ctl 13 491 0.0098019
ctl 13 492 0.0091558
ctl 13 493 -0.0162311
ctl 13 494 0.0560005
ctl 13 495 0.0341621
ctl 13 496 0.0211470
ctl 13 497 0.0174499
ctl 13 498 0.0288484
ctl 13 499 0.0247065
ctl 13 500 -0.0266454
ctl 13 501 -0.0450397
ctl 13 502 0.0029189
ctl 13 503 0.0273054
ctl 13 504 0.0064567
ctl 13 505 -0.0001893
ctl 13 506 0.0070411
ctl 13 507 0.0309540
ctl 13 508 0.0018940
ctl 13 509 0.0045619
ctl 13 510 0.0021598
ctl 13 511 0.0257532
ctl 13 512 0.0000000
ctl 13 513 0.0257532
ctl 13 514 0.0000000
ctl 13 515 0.0000000
ctl 13 516 0.0036971
ctl 13 517 0.0000000
ctl 13 518 0.0000000
ctl 13 519 0.0000000
ctl 13 520 0.0190055
ctl 13 521 -0.0022019
ctl 13 522 0.0089496
ctl 13 523 -0.0073506
ctl 13 524 -0.2306003
ctl 13 525 -0.0141323
ctl 13 526 0.0323286
ctl 13 527 0.0000000
ctl 13 528 -0.0065754
ctl 13 529 0.0000000
ctl 13 530 2.0000000
ctl 13 531 0.0098019
ctl 13 532 0.0091558
ctl 13 533 -0.0162311
ctl 13 534 0.0560005
ctl 13 535 0.0341621
ctl 13 536 0.0211470
ctl 13 537 0.0174499
ctl 13 538 0.0288484
ctl 13 539 0.0247065
ctl 13 540 -0.0266454
ctl 13 541 -0.0450397
ctl 13 542 0.0029189
ctl 13 543 0.0273054
ctl 13 544 0.0064567
ctl 13 545 -0.0001893
ctl 13 546 0.0070411
ctl 13 547 0.0309540
ctl 13 548 0.0018940
ctl 13 549 0.0045619
ctl 13 550 0.0021598
ctl 13 551 0.0257532
ctl 13 552 0.0000000
ctl 13 553 0.0257532
ctl 13 554 0.0000000
ctl 13 555 0.0000000
ctl 13 556 0.0036971
ctl 13 557 0.0000000
ctl 13 558 0.0000000
ctl 13 559 0.0000000
ctl 13 560 0.0349482
ctl 13 561 0.0397099
ctl 13 562 -0.1081156
ctl 13 563 0.0044861
ctl 13 564 -0.0152221
ctl 13 565 0.1078707
ctl 13 566 0.0497369
ctl 13 567 0.0000000
ctl 13 568 -0.0831944
ctl 13 569 0.0000000
ctl 13 570 0.0000000
ctl 13 571 1.0311309
ctl 13 572 -0.0912254
ctl 13 573 -0.0260092
ctl 13 574 -0.0045295
ctl 13 575 0.0067257
ctl 13 576 -0.0424383
ctl 13 577 0.0340051
ctl 13 578 0.0515572
ctl 13 579 -0.0850180
ctl 13 580 0.2184056
ctl 13 581 -0.0195061
ctl 13 582 -0.0038958
ctl 13 583 0.0225833
ctl 13 584 0.0047724
ctl 13 585 0.0155082
ctl 13 586 0.0690219
ctl 13 587 0.0471547
ctl 13 588 0.0000377
ctl 13 589 -0.0032038
ctl 13 590 -0.0012288
ctl 13 591 -0.0334572
ctl 13 592 0.0000000
ctl 13 593 -0.0334572
ctl 13 594 0.0000000
ctl 13 595 0.0000000
ctl 13 596 -0.0764433
ctl 13 597 0.0000000
ctl 13 598 0.0000000
ctl 13 599 0.0000000
ctl 13 600 -0.0187534
ctl 13 601 -0.0125249
ctl 13 602 0.0305937
ctl 13 603 -0.0099130
ctl 13 604 0.0392192
ctl 13 605 -0.0969424
ctl 13 606 0.0204923
ctl 13 607 0.0000000
ctl 13 608 -0.0211771
ctl 13 609 0.0000000
ctl 13 610 0.0000000
ctl 13 611 -0.0683422
ctl 13 612 0.6804419
ctl 13 613 -0.0638176
ctl 13 614 -0.0050993
ctl 13 615 0.0061776
ctl 13 616 0.0070779
ctl 13 617 -0.0191321
ctl 13 618 0.0220085
ctl 13 619 -0.0147007
ctl 13 620 -0.0128563
ctl 13 621 0.1605581
ctl 13 622 -0.0085719
ctl 13 623 -0.0784691
ctl 13 624 -0.0145885
ctl 13 625 0.0130833
ctl 13 626 0.0287819
ctl 13 627 -0.1034826
ctl 13 628 0.0028188
ctl 13 629 0.0031489
ctl 13 630 -0.0019053
ctl 13 631 -0.0006847
ctl 13 632 0.0000000
ctl 13 633 -0.0006847
ctl 13 634 0.0000000
ctl 13 635 0.0000000
ctl 13 636 0.0262100
ctl 13 637 0.0000000
ctl 13 638 0.0000000
ctl 13 639 0.0000000
ctl 13 640 -0.1352400
ctl 13 641 -0.1221416
ctl 13 642 -0.1098992
ctl 13 643 0.2148786
ctl 13 644 0.0251295
ctl 13 645 0.2218838
ctl 13 646 -0.0648646
ctl 13 647 0.2473524
ctl 13 648 -0.0154774
ctl 13 649 -0.1013752
ctl 13 650 0.0257532
ctl 13 651 -0.2958626
ctl 13 652 0.0257532
ctl 13 653 0.0257532
ctl 13 654 -0.0334572
ctl 13 655 -0.0006847
bot 14 0.242735 0.245393 0.162636 0.218569 0.130666
nn 14 0 6.3358426
nn 14 1 1.3752328
nn 14 2 -1.0388004
nn 14 3 3.4368300
nn 14 4 3.0055988
nn 14 5 1.6276221
nn 14 6 -3.2774627
nn 14 7 -1.1142550
nn 14 8 -1.3731716
nn 14 9 -1.1386285
nn 14 10 1.1596028
nn 14 11 -1.8729752
nn 14 12 -1.0557979
nn 14 13 0.7897781
nn 14 14 -0.5616529
nn 14 15 -6.8181930
nn 14 16 0.4462602
nn 14 17 0.0993592
nn 14 18 2.5771992
nn 14 19 4.5460753
nn 14 20 -0.6138304
nn 14 21 -1.2974483
nn 14 22 -0.1855425
nn 14 23 0.1843699
nn 14 24 -1.4301924
nn 14 25 0.8062367
nn 14 26 -0.6941521
nn 14 27 -3.9198337
nn 14 28 0.2562543
nn 14 29 0.5855921
nn 14 30 7.4506369
nn 14 31 -0.6857170
nn 14 32 -1.3891871
nn 14 33 -0.3035542
nn 14 34 1.7405212
nn 14 35 -0.4682218
nn 14 36 3.8762400
nn 14 37 3.1040401
nn 14 38 -2.4091256
nn 14 39 -7.3116331
nn 14 40 3.5042238
nn 14 41 2.4399257
nn 14 42 6.8324656
nn 14 43 2.6815517
nn 14 44 -3.3009179
nn 14 45 -2.6877120
nn 14 46 2.8257368
nn 14 47 -2.1645267
nn 14 48 2.5919716
nn 14 49 1.8161281
nn 14 50 -3.2317016
nn 14 51 -4.6517920
nn 14 52 -4.7369552
nn 14 53 2.0742717
nn 14 54 8.2211342
nn 14 55 5.5509591
nn 14 56 -2.8528891
nn 14 57 -0.8793410
nn 14 58 -0.2488103
nn 14 59 0.2966211
nn 14 60 0.3990701
nn 14 61 2.9480391
nn 14 62 -1.5736737
nn 14 63 -4.5996079
nn 14 64 2.8095720
nn 14 65 2.0385675
nn 14 66 1.8132372
nn 14 67 0.6996909
nn 14 68 -0.9677375
nn 14 69 -2.5874071
nn 14 70 0.2373099
nn 14 71 -1.9945891
nn 14 72 0.2086434
nn 14 73 4.2389641
nn 14 74 1.4267465
nn 14 75 2.2279408
nn 14 76 -0.1854000
nn 14 77 1.9697824
nn 14 78 -3.5269411
nn 14 79 -0.6164626
nn 14 80 0.1327780
nn 14 81 -0.0428339
nn 14 82 -0.3982944
nn 14 83 -0.1918760
nn 14 84 6.1972666
nn 14 85 -0.6399992
nn 14 86 -1.5787979
nn 14 87 -2.7090945
nn 14 88 0.9782597
nn 14 89 -0.6186070
nn 14 90 6.8112178
nn 14 91 6.9350204
nn 14 92 0.8378808
nn 14 93 -1.6083195
nn 14 94 1.4283942
nn 14 95 -2.5144737
nn 14 96 3.8673666
nn 14 97 3.0545101
nn 14 98 -2.3556693
nn 14 99 -7.3971491
nn 14 100 3.4591918
nn 14 101 2.4043875
nn 14 102 6.8608689
nn 14 103 2.5696559
nn 14 104 -3.2899597
nn 14 105 -2.6442597
nn 14 106 2.7211826
nn 14 107 -2.2931402
nn 14 108 0.8285576
nn 14 109 2.2225051
nn 14 110 1.0671060
nn 14 111 1.7520456
nn 14 112 -2.9709947
nn 14 113 -2.6733890
nn 14 114 -1.1835582
nn 14 115 -0.5104575
nn 14 116 -2.2956715
nn 14 117 0.1692487
nn 14 118 1.0093192
nn 14 119 -0.3694344
nn 14 120 0.2356998
nn 14 121 2.7751179
nn 14 122 -0.7345524
nn 14 123 1.2902415
nn 14 124 -1.9480486
nn 14 125 -0.4589906
nn 14 126 1.6026595
nn 14 127 1.0411602
nn 14 128 0.1454799
nn 14 129 1.2446326
nn 14 130 1.6066597
nn 14 131 0.2734103
nn 14 132 -1.6409075
nn 14 133 -1.6343958
nn 14 134 0.3044024
nn 14 135 -1.0823407
nn 14 136 -4.1851110
nn 14 137 -1.7180974
nn 14 138 -0.6034688
nn 14 139 -2.2353849
nn 14 140 4.1070418
nn 14 141 -4.1768374
nn 14 142 2.5517650
nn 14 143 0.7909122
nn 14 144 0.8397450
nn 14 145 1.6419148
nn 14 146 0.4001919
nn 14 147 -0.0947445
nn 14 148 0.2694398
nn 14 149 -0.0200915
nn 14 150 -0.2292530
nn 14 151 0.9353374
nn 14 152 -0.5595666
nn 14 153 1.0621331
nn 14 154 2.7723432
nn 14 155 -0.1963857
nn 14 156 2.0669320
nn 14 157 -0.1305464
nn 14 158 1.4430727
nn 14 159 -1.7159588
nn 14 160 -0.5908874
nn 14 161 1.1735975
nn 14 162 2.9138875
nn 14 163 -0.9090393
nn 14 164 0.7660767
nn 14 165 -2.6576838
nn 14 166 0.1942261
nn 14 167 0.1619851
nn 14 168 -1.2061610
nn 14 169 -2.2445502
nn 14 170 -0.4314433
nn 14 171 -0.8922852
nn 14 172 -0.6477560
ctl 14 0 0.5053855
ctl 14 1 0.5811504
ctl 14 2 0.7897091
ctl 14 3 -0.0194201
ctl 14 4 -0.0298459
ctl 14 5 0.0178943
ctl 14 6 0.0082468
ctl 14 7 0.0000000
ctl 14 8 -0.1319925
ctl 14 9 0.0000000
ctl 14 10 0.0000000
ctl 14 11 -0.0237193
ctl 14 12 -0.0480930
ctl 14 13 -0.0012959
ctl 14 14 -0.0951025
ctl 14 15 0.0400622
ctl 14 16 -0.1200128
ctl 14 17 -0.0375027
ctl 14 18 0.0012052
ctl 14 19 -0.0392671
ctl 14 20 -0.0569494
ctl 14 21 0.0820112
ctl 14 22 0.0538820
ctl 14 23 -0.0105288
ctl 14 24 -0.0002098
ctl 14 25 -0.0105572
ctl 14 26 -0.0950030
ctl 14 27 0.0867281
ctl 14 28 0.0072754
ctl 14 29 -0.0007407
ctl 14 30 0.0150268
ctl 14 31 -0.1237457
ctl 14 32 0.0000000
ctl 14 33 -0.1237457
ctl 14 34 0.0000000
ctl 14 35 0.0000000
ctl 14 36 -0.0825105
ctl 14 37 0.0000000
ctl 14 38 0.0000000
ctl 14 39 0.0000000
ctl 14 40 0.5439770
ctl 14 41 0.8860380
ctl 14 42 0.4690273
ctl 14 43 0.0188044
ctl 14 44 0.0278185
ctl 14 45 -0.1075900
ctl 14 46 -0.0867963
ctl 14 47 0.0000000
ctl 14 48 -0.0141571
ctl 14 49 0.0000000
ctl 14 50 0.0000000
ctl 14 51 -0.0149865
ctl 14 52 0.0322659
ctl 14 53 0.0189358
ctl 14 54 0.0331821
ctl 14 55 -0.0717059
ctl 14 56 -0.1103242
ctl 14 57 -0.0999049
ctl 14 58 -0.0893593
ctl 14 59 -0.0790594
ctl 14 60 -0.0258354
ctl 14 61 0.0236770
ctl 14 62 -0.0169466
ctl 14 63 -0.0104117
ctl 14 64 -0.0277216
ctl 14 65 0.0420575
ctl 14 66 -0.0143744
ctl 14 67 -0.1988220
ctl 14 68 0.0073696
ctl 14 69 0.0063997
ctl 14 70 -0.0317208
ctl 14 71 -0.1009530
ctl 14 72 0.0000000
ctl 14 73 -0.1009530
ctl 14 74 0.0000000
ctl 14 75 0.0000000
ctl 14 76 -0.0104194
ctl 14 77 0.0000000
ctl 14 78 0.0000000
ctl 14 79 0.0000000
ctl 14 80 0.8372029
ctl 14 81 0.4494295
ctl 14 82 0.5927755
ctl 14 83 0.0162168
ctl 14 84 0.3074828
ctl 14 85 0.0861680
ctl 14 86 -0.0661968
ctl 14 87 0.0000000
ctl 14 88 -0.0543885
ctl 14 89 0.0000000
ctl 14 90 0.0000000
ctl 14 91 0.0846782
ctl 14 92 0.0296585
ctl 14 93 -0.0065380
ctl 14 94 -0.0468655
ctl 14 95 -0.0095002
ctl 14 96 -0.0833541
ctl 14 97 -0.0997898
ctl 14 98 -0.0478590
ctl 14 99 -0.1079708
ctl 14 100 0.0191806
ctl 14 101 0.0594491
ctl 14 102 -0.0197062
ctl 14 103 -0.1048765
ctl 14 104 0.0302467
ctl 14 105 -0.0520525
ctl 14 106 -0.0021821
ctl 14 107 0.0338352
ctl 14 108 -0.0209545
ctl 14 109 -0.0102235
ctl 14 110 0.0137126
ctl 14 111 -0.1205851
ctl 14 112 0.0000000
ctl 14 113 -0.1205851
ctl 14 114 0.0000000
ctl 14 115 0.0000000
ctl 14 116 0.0164350
ctl 14 117 0.0000000
ctl 14 118 0.0000000
ctl 14 119 0.0000000
ctl 14 120 -0.0474682
ctl 14 121 0.0052325
ctl 14 122 -0.0907571
ctl 14 123 -0.0551203
ctl 14 124 0.9317518
ctl 14 125 0.0453884
ctl 14 126 -0.1088057
ctl 14 127 0.0000000
ctl 14 128 -0.0241870
ctl 14 129 0.0000000
ctl 14 130 0.0000000
ctl 14 131 0.0877351
ctl 14 132 0.0527295
ctl 14 133 0.0523117
ctl 14 134 -0.2340716
ctl 14 135 -0.1039521
ctl 14 136 -0.1171109
ctl 14 137 -0.1859213
ctl 14 138 -0.0840793
ctl 14 139 -0.1696786
ctl 14 140 -0.1169227
ctl 14 141 0.3484780
ctl 14 142 0.0646651
ctl 14 143 -0.1720473
ctl 14 144 -0.0113806
ctl 14 145 -0.0616990
ctl 14 146 -0.0083027
ctl 14 147 -0.1690315
ctl 14 148 -0.0107086
ctl 14 149 -0.0082619
ctl 14 150 0.0060606
ctl 14 151 -0.1329926
ctl 14 152 0.0000000
ctl 14 153 -0.1329926
ctl 14 154 0.0000000
ctl 14 155 0.0000000
ctl 14 156 0.0688100
ctl 14 157 0.0000000
ctl 14 158 0.0000000
ctl 14 159 0.4000000
ctl 14 160 0.0022128
ctl 14 161 0.0042555
ctl 14 162 0.0146007
ctl 14 163 1.9011035
ctl 14 164 -0.1507008
ctl 14 165 -0.0338020
ctl 14 166 0.0191834
ctl 14 167 0.0000000
ctl 14 168 0.0018856
ctl 14 169 0.0000000
ctl 14 170 0.0000000
ctl 14 171 -0.0179848
ctl 14 172 -0.0086676
ctl 14 173 -0.0408838
ctl 14 174 0.0576138
ctl 14 175 0.0095134
ctl 14 176 0.0164991
ctl 14 177 0.0269793
ctl 14 178 0.0133396
ctl 14 179 0.0265039
ctl 14 180 0.0306662
ctl 14 181 -0.0745471
ctl 14 182 -0.0181528
ctl 14 183 0.0110602
ctl 14 184 -0.0191933
ctl 14 185 0.0338009
ctl 14 186 0.0062648
ctl 14 187 0.0250901
ctl 14 188 0.0041489
ctl 14 189 0.0021118
ctl 14 190 -0.0013478
ctl 14 191 0.0210690
ctl 14 192 0.0000000
ctl 14 193 0.0210690
ctl 14 194 0.0000000
ctl 14 195 0.0000000
ctl 14 196 -0.0104802
ctl 14 197 0.0000000
ctl 14 198 0.0000000
ctl 14 199 0.0000000
ctl 14 200 -0.0802429
ctl 14 201 -0.0222471
ctl 14 202 -0.0628596
ctl 14 203 0.0097399
ctl 14 204 0.4256128
ctl 14 205 -0.0253823
ctl 14 206 -0.0115154
ctl 14 207 0.0000000
ctl 14 208 -0.1538344
ctl 14 209 0.0000000
ctl 14 210 0.0000000
ctl 14 211 0.0568198
ctl 14 212 0.0795737
ctl 14 213 0.0144122
ctl 14 214 -0.1228195
ctl 14 215 -0.0468043
ctl 14 216 -0.1527218
ctl 14 217 -0.1186012
ctl 14 218 0.0116794
ctl 14 219 -0.1466075
ctl 14 220 -0.0632637
ctl 14 221 0.2057336
ctl 14 222 0.0164190
ctl 14 223 -0.0457010
ctl 14 224 -0.0129406
ctl 14 225 0.0340672
ctl 14 226 -0.0413968
ctl 14 227 -0.1043268
ctl 14 228 -0.0048954
ctl 14 229 -0.0053715
ctl 14 230 0.0099149
ctl 14 231 -0.1653497
ctl 14 232 0.0000000
ctl 14 233 -0.1653497
ctl 14 234 0.0000000
ctl 14 235 0.0000000
ctl 14 236 -0.0341204
ctl 14 237 0.0000000
ctl 14 238 0.0000000
ctl 14 239 0.4000000
ctl 14 240 0.0143952
ctl 14 241 -0.0480677
ctl 14 242 -0.0037366
ctl 14 243 -0.0060022
ctl 14 244 1.0111406
ctl 14 245 0.0082681
ctl 14 246 -0.2490015
ctl 14 247 0.0000000
ctl 14 248 0.2115925
ctl 14 249 0.0000000
ctl 14 250 0.0000000
ctl 14 251 -0.0250049
ctl 14 252 -0.0487282
ctl 14 253 -0.0034601
ctl 14 254 0.1852457
ctl 14 255 0.1447797
ctl 14 256 -0.0312601
ctl 14 257 0.0896021
ctl 14 258 -0.2843617
ctl 14 259 0.0716692
ctl 14 260 0.0655058
ctl 14 261 -0.0915453
ctl 14 262 0.0190308
ctl 14 263 0.0078341
ctl 14 264 0.0139582
ctl 14 265 -0.1145363
ctl 14 266 -0.0757122
ctl 14 267 0.0926011
ctl 14 268 0.0069069
ctl 14 269 0.0107268
ctl 14 270 0.0215957
ctl 14 271 -0.0374089
ctl 14 272 0.0000000
ctl 14 273 -0.0374089
ctl 14 274 0.0000000
ctl 14 275 0.0000000
ctl 14 276 -0.1208621
ctl 14 277 0.0000000
ctl 14 278 0.0000000
ctl 14 279 0.0000000
ctl 14 280 -0.0888608
ctl 14 281 0.1273818
ctl 14 282 -0.1500308
ctl 14 283 0.0330979
ctl 14 284 0.5632203
ctl 14 285 0.0037558
ctl 14 286 -0.0961197
ctl 14 287 0.0000000
ctl 14 288 -0.0153902
ctl 14 289 0.0000000
ctl 14 290 0.0000000
ctl 14 291 0.0312846
ctl 14 292 0.0780745
ctl 14 293 -0.0378895
ctl 14 294 -0.1185436
ctl 14 295 0.1634189
ctl 14 296 -0.0885973
ctl 14 297 -0.0248197
ctl 14 298 -0.0681409
ctl 14 299 -0.0004460
ctl 14 300 -0.0631608
ctl 14 301 0.2566487
ctl 14 302 0.0504597
ctl 14 303 -0.2582294
ctl 14 304 -0.0338829
ctl 14 305 -0.1086184
ctl 14 306 -0.2946157
ctl 14 307 0.3253406
ctl 14 308 0.0134429
ctl 14 309 0.0084097
ctl 14 310 0.0180184
ctl 14 311 -0.1115099
ctl 14 312 0.0000000
ctl 14 313 -0.1115099
ctl 14 314 0.0000000
ctl 14 315 0.0000000
ctl 14 316 -0.0637779
ctl 14 317 0.0000000
ctl 14 318 0.0000000
ctl 14 319 0.4000000
ctl 14 320 0.0367304
ctl 14 321 -0.1485976
ctl 14 322 0.1063935
ctl 14 323 -0.0238196
ctl 14 324 0.1641805
ctl 14 325 0.8040956
ctl 14 326 0.0560364
ctl 14 327 0.0000000
ctl 14 328 -0.0615097
ctl 14 329 0.0000000
ctl 14 330 0.0000000
ctl 14 331 0.0558924
ctl 14 332 0.1186783
ctl 14 333 0.0444907
ctl 14 334 0.0014151
ctl 14 335 -0.3496053
ctl 14 336 -0.0281739
ctl 14 337 -0.0094859
ctl 14 338 0.0405605
ctl 14 339 0.0390965
ctl 14 340 0.0692238
ctl 14 341 0.0222803
ctl 14 342 -0.0146329
ctl 14 343 0.1376937
ctl 14 344 -0.0993932
ctl 14 345 -0.1656174
ctl 14 346 -0.0197621
ctl 14 347 -0.7108212
ctl 14 348 -0.0240000
ctl 14 349 -0.0180000
ctl 14 350 -0.0396453
ctl 14 351 -0.0054737
ctl 14 352 0.0000000
ctl 14 353 -0.0054737
ctl 14 354 0.0000000
ctl 14 355 0.0000000
ctl 14 356 -0.0186880
ctl 14 357 0.0000000
ctl 14 358 0.0000000
ctl 14 359 0.0000000
ctl 14 360 -0.0400668
ctl 14 361 -0.0293149
ctl 14 362 -0.0302385
ctl 14 363 -0.0027034
ctl 14 364 -0.1291649
ctl 14 365 -0.0248800
ctl 14 366 1.4052985
ctl 14 367 0.0000000
ctl 14 368 0.4950807
ctl 14 369 0.0000000
ctl 14 370 0.0000000
ctl 14 371 0.0422824
ctl 14 372 0.0121340
ctl 14 373 -0.0066660
ctl 14 374 -0.0863808
ctl 14 375 -0.0017271
ctl 14 376 -0.1097536
ctl 14 377 -0.0981410
ctl 14 378 -0.5502003
ctl 14 379 -0.0705451
ctl 14 380 -0.0462276
ctl 14 381 0.0791140
ctl 14 382 0.0187341
ctl 14 383 -0.0552583
ctl 14 384 0.0011070
ctl 14 385 -0.0258192
ctl 14 386 -0.0169297
ctl 14 387 -0.0632290
ctl 14 388 0.0010306
ctl 14 389 -0.0029130
ctl 14 390 -0.0077979
ctl 14 391 -0.0996198
ctl 14 392 0.0000000
ctl 14 393 -0.0996198
ctl 14 394 0.0000000
ctl 14 395 0.0000000
ctl 14 396 -0.0116127
ctl 14 397 0.0000000
ctl 14 398 0.0000000
ctl 14 399 0.0000000
ctl 14 400 0.0101580
ctl 14 401 -0.0090288
ctl 14 402 0.0118271
ctl 14 403 -0.0052991
ctl 14 404 -0.2264298
ctl 14 405 -0.0069394
ctl 14 406 0.0275398
ctl 14 407 2.0000000
ctl 14 408 -0.0145836
ctl 14 409 0.0000000
ctl 14 410 0.0000000
ctl 14 411 -0.0172002
ctl 14 412 -0.0027518
ctl 14 413 -0.0037644
ctl 14 414 0.0381421
ctl 14 415 0.0193684
ctl 14 416 0.0095322
ctl 14 417 0.0233916
ctl 14 418 0.0222438
ctl 14 419 0.0195655
ctl 14 420 0.0149565
ctl 14 421 -0.0641152
ctl 14 422 -0.0106385
ctl 14 423 0.0346423
ctl 14 424 0.0033920
ctl 14 425 0.0173648
ctl 14 426 0.0024563
ctl 14 427 0.0403713
ctl 14 428 0.0024238
ctl 14 429 0.0017927
ctl 14 430 -0.0032672
ctl 14 431 0.0129563
ctl 14 432 0.0000000
ctl 14 433 0.0129563
ctl 14 434 0.0000000
ctl 14 435 0.0000000
ctl 14 436 -0.0138594
ctl 14 437 0.0000000
ctl 14 438 0.0000000
ctl 14 439 0.0000000
ctl 14 440 -0.0997826
ctl 14 441 -0.0524235
ctl 14 442 -0.1153205
ctl 14 443 0.0201181
ctl 14 444 0.7868023
ctl 14 445 0.0297078
ctl 14 446 0.4049164
ctl 14 447 0.0000000
ctl 14 448 1.3275455
ctl 14 449 0.0000000
ctl 14 450 0.0000000
ctl 14 451 0.0270297
ctl 14 452 -0.0016340
ctl 14 453 0.0057417
ctl 14 454 -0.1083400
ctl 14 455 -0.0834269
ctl 14 456 -0.2200864
ctl 14 457 -0.1756657
ctl 14 458 0.3643943
ctl 14 459 -0.1885363
ctl 14 460 -0.0460172
ctl 14 461 0.1513007
ctl 14 462 0.0144822
ctl 14 463 -0.0837045
ctl 14 464 -0.0110120
ctl 14 465 -0.0110741
ctl 14 466 -0.1035860
ctl 14 467 -0.0803519
ctl 14 468 -0.0096137
ctl 14 469 -0.0037955
ctl 14 470 0.0099003
ctl 14 471 -0.2675285
ctl 14 472 0.0000000
ctl 14 473 -0.2675285
ctl 14 474 0.0000000
ctl 14 475 0.0000000
ctl 14 476 -0.0444206
ctl 14 477 0.0000000
ctl 14 478 0.0000000
ctl 14 479 0.0000000
ctl 14 480 0.0101580
ctl 14 481 -0.0090288
ctl 14 482 0.0118271
ctl 14 483 -0.0052991
ctl 14 484 -0.2264298
ctl 14 485 -0.0069394
ctl 14 486 0.0275398
ctl 14 487 0.0000000
ctl 14 488 -0.0145836
ctl 14 489 2.0000000
ctl 14 490 0.0000000
ctl 14 491 -0.0172002
ctl 14 492 -0.0027518
ctl 14 493 -0.0037644
ctl 14 494 0.0381421
ctl 14 495 0.0193684
ctl 14 496 0.0095322
ctl 14 497 0.0233916
ctl 14 498 0.0222438
ctl 14 499 0.0195655
ctl 14 500 0.0149565
ctl 14 501 -0.0641152
ctl 14 502 -0.0106385
ctl 14 503 0.0346423
ctl 14 504 0.0033920
ctl 14 505 0.0173648
ctl 14 506 0.0024563
ctl 14 507 0.0403713
ctl 14 508 0.0024238
ctl 14 509 0.0017927
ctl 14 510 -0.0032672
ctl 14 511 0.0129563
ctl 14 512 0.0000000
ctl 14 513 0.0129563
ctl 14 514 0.0000000
ctl 14 515 0.0000000
ctl 14 516 -0.0138594
ctl 14 517 0.0000000
ctl 14 518 0.0000000
ctl 14 519 0.0000000
ctl 14 520 0.0101580
ctl 14 521 -0.0090288
ctl 14 522 0.0118271
ctl 14 523 -0.0052991
ctl 14 524 -0.2264298
ctl 14 525 -0.0069394
ctl 14 526 0.0275398
ctl 14 527 0.0000000
ctl 14 528 -0.0145836
ctl 14 529 0.0000000
ctl 14 530 2.0000000
ctl 14 531 -0.0172002
ctl 14 532 -0.0027518
ctl 14 533 -0.0037644
ctl 14 534 0.0381421
ctl 14 535 0.0193684
ctl 14 536 0.0095322
ctl 14 537 0.0233916
ctl 14 538 0.0222438
ctl 14 539 0.0195655
ctl 14 540 0.0149565
ctl 14 541 -0.0641152
ctl 14 542 -0.0106385
ctl 14 543 0.0346423
ctl 14 544 0.0033920
ctl 14 545 0.0173648
ctl 14 546 0.0024563
ctl 14 547 0.0403713
ctl 14 548 0.0024238
ctl 14 549 0.0017927
ctl 14 550 -0.0032672
ctl 14 551 0.0129563
ctl 14 552 0.0000000
ctl 14 553 0.0129563
ctl 14 554 0.0000000
ctl 14 555 0.0000000
ctl 14 556 -0.0138594
ctl 14 557 0.0000000
ctl 14 558 0.0000000
ctl 14 559 0.0000000
ctl 14 560 0.1057686
ctl 14 561 -0.0235994
ctl 14 562 -0.0637580
ctl 14 563 -0.0026954
ctl 14 564 0.0115661
ctl 14 565 -0.1284886
ctl 14 566 -0.0481865
ctl 14 567 0.0000000
ctl 14 568 0.0665979
ctl 14 569 0.0000000
ctl 14 570 0.0000000
ctl 14 571 0.9699992
ctl 14 572 0.0466775
ctl 14 573 0.0126847
ctl 14 574 -0.0093057
ctl 14 575 -0.0111526
ctl 14 576 0.0227713
ctl 14 577 -0.0030916
ctl 14 578 -0.0508522
ctl 14 579 0.0825921
ctl 14 580 0.2339817
ctl 14 581 0.0212377
ctl 14 582 -0.0045220
ctl 14 583 -0.0270081
ctl 14 584 -0.0037167
ctl 14 585 -0.0620160
ctl 14 586 -0.0969108
ctl 14 587 -0.0516782
ctl 14 588 -0.0004776
ctl 14 589 0.0001130
ctl 14 590 -0.0009832
ctl 14 591 0.0184113
ctl 14 592 0.0000000
ctl 14 593 0.0184113
ctl 14 594 0.0000000
ctl 14 595 0.0000000
ctl 14 596 0.0258629
ctl 14 597 0.0000000
ctl 14 598 0.0000000
ctl 14 599 0.0000000
ctl 14 600 0.0132742
ctl 14 601 0.0047029
ctl 14 602 -0.0130695
ctl 14 603 -0.0038896
ctl 14 604 0.0591392
ctl 14 605 -0.0930446
ctl 14 606 0.0290104
ctl 14 607 0.0000000
ctl 14 608 -0.0241028
ctl 14 609 0.0000000
ctl 14 610 0.0000000
ctl 14 611 0.0229166
ctl 14 612 0.6237804
ctl 14 613 -0.0411883
ctl 14 614 -0.0104228
ctl 14 615 0.0074468
ctl 14 616 0.0096456
ctl 14 617 0.0146071
ctl 14 618 0.0234248
ctl 14 619 -0.0163383
ctl 14 620 -0.0000157
ctl 14 621 0.1730036
ctl 14 622 0.0033445
ctl 14 623 -0.1002069
ctl 14 624 -0.0119512
ctl 14 625 0.0251505
ctl 14 626 0.0356024
ctl 14 627 -0.0818268
ctl 14 628 0.0042558
ctl 14 629 0.0015892
ctl 14 630 -0.0030868
ctl 14 631 0.0049077
ctl 14 632 0.0000000
ctl 14 633 0.0049077
ctl 14 634 0.0000000
ctl 14 635 0.0000000
ctl 14 636 -0.0049614
ctl 14 637 0.0000000
ctl 14 638 0.0000000
ctl 14 639 0.0000000
ctl 14 640 -0.1237457
ctl 14 641 -0.1009530
ctl 14 642 -0.1205851
ctl 14 643 0.2670061
ctl 14 644 0.0210690
ctl 14 645 0.2346504
ctl 14 646 -0.0374089
ctl 14 647 0.2884904
ctl 14 648 -0.0054737
ctl 14 649 -0.0996198
ctl 14 650 0.0129563
ctl 14 651 -0.2675285
ctl 14 652 0.0129563
ctl 14 653 0.0129563
ctl 14 654 0.0184113
ctl 14 655 0.0049077
bot 15 0.148373 0.261142 0.181293 0.182310 0.226882
nn 15 0 1.3379272
nn 15 1 -2.0001409
nn 15 2 9.4302473
nn 15 3 -1.0444785
nn 15 4 -0.1954245
nn 15 5 -1.0446478
nn 15 6 1.5880672
nn 15 7 -1.8737637
nn 15 8 1.8900068
nn 15 9 -0.6600009
nn 15 10 2.5122302
nn 15 11 -0.9886491
nn 15 12 2.1218736
nn 15 13 1.0046813
nn 15 14 -10.0000000
nn 15 15 -1.8539482
nn 15 16 10.0000000
nn 15 17 0.2689733
nn 15 18 1.2149458
nn 15 19 3.7542920
nn 15 20 0.2332753
nn 15 21 -0.7535537
nn 15 22 2.7383034
nn 15 23 -0.0777166
nn 15 24 0.0979738
nn 15 25 -1.9435496
nn 15 26 0.5496878
nn 15 27 0.3824604
nn 15 28 -5.5182972
nn 15 29 3.4174874
nn 15 30 -6.3777356
nn 15 31 3.4925637
nn 15 32 0.6231436
nn 15 33 -3.6084318
nn 15 34 -0.1340082
nn 15 35 -5.6143289
nn 15 36 3.6906247
nn 15 37 -3.0535192
nn 15 38 -9.9999990
nn 15 39 -2.7198691
nn 15 40 6.0071545
nn 15 41 2.7239108
nn 15 42 -3.6392767
nn 15 43 5.4484119
nn 15 44 2.7982955
nn 15 45 -4.9108748
nn 15 46 5.1089249
nn 15 47 -6.6697512
nn 15 48 -0.9131702
nn 15 49 -1.5778291
nn 15 50 -6.0969710
nn 15 51 -2.1784852
nn 15 52 5.5907030
nn 15 53 2.6653328
nn 15 54 -2.9512315
nn 15 55 2.9775877
nn 15 56 -0.5068250
nn 15 57 -2.4158249
nn 15 58 -1.8555933
nn 15 59 -10.0000000
nn 15 60 3.0597684
nn 15 61 1.0696865
nn 15 62 -3.6500559
nn 15 63 -1.1259733
nn 15 64 10.0000000
nn 15 65 1.0300057
nn 15 66 -0.1918512
nn 15 67 1.0299805
nn 15 68 2.9700949
nn 15 69 3.9788244
nn 15 70 3.4500244
nn 15 71 -1.4858956
nn 15 72 0.2089510
nn 15 73 -0.1066797
nn 15 74 1.8575287
nn 15 75 -0.1842719
nn 15 76 1.6049576
nn 15 77 -0.3065006
nn 15 78 2.8584661
nn 15 79 -0.0857395
nn 15 80 2.0593841
nn 15 81 -0.3095891
nn 15 82 -0.9646114
nn 15 83 1.0388079
nn 15 84 -0.4379525
nn 15 85 -3.0262609
nn 15 86 -6.1532707
nn 15 87 -0.6648279
nn 15 88 -1.5276269
nn 15 89 3.9348450
nn 15 90 0.8517429
nn 15 91 2.5873787
nn 15 92 0.4407460
nn 15 93 3.2987931
nn 15 94 -2.6147492
nn 15 95 -7.4871168
nn 15 96 3.6275463
nn 15 97 -2.9700098
nn 15 98 -9.9999990
nn 15 99 -2.7475946
nn 15 100 5.9157786
nn 15 101 2.7321837
nn 15 102 -3.7431438
nn 15 103 5.5162563
nn 15 104 2.8018100
nn 15 105 -4.9464464
nn 15 106 4.9955850
nn 15 107 -6.6179209
nn 15 108 0.7016165
nn 15 109 -4.6964245
nn 15 110 -0.1201765
nn 15 111 0.7718183
nn 15 112 0.3472211
nn 15 113 4.0369058
nn 15 114 1.6781054
nn 15 115 0.9698032
nn 15 116 1.7503370
nn 15 117 -2.2845469
nn 15 118 4.5754447
nn 15 119 -4.2209435
nn 15 120 -3.3782854
nn 15 121 -4.4440379
nn 15 122 1.2559367
nn 15 123 2.3297217
nn 15 124 0.3933186
nn 15 125 0.3933572
nn 15 126 0.0438015
nn 15 127 0.5400805
nn 15 128 -3.7491467
nn 15 129 -2.8902922
nn 15 130 -5.3535371
nn 15 131 1.4646668
nn 15 132 -3.9759994
nn 15 133 1.1898301
nn 15 134 0.0798688
nn 15 135 2.7882609
nn 15 136 0.1579860
nn 15 137 -0.4339764
nn 15 138 -0.8214659
nn 15 139 -1.1017220
nn 15 140 0.8719453
nn 15 141 0.6305488
nn 15 142 -2.2310679
nn 15 143 1.9681125
nn 15 144 0.2405346
nn 15 145 -4.6148758
nn 15 146 -0.4518714
nn 15 147 -0.6171981
nn 15 148 3.9111133
nn 15 149 1.1754138
nn 15 150 -0.8238242
nn 15 151 -2.9466352
nn 15 152 -1.7498478
nn 15 153 -0.5280347
nn 15 154 -1.0059531
nn 15 155 -1.5933050
nn 15 156 1.0606643
nn 15 157 0.3344215
nn 15 158 3.6662664
nn 15 159 2.7208080
nn 15 160 1.3375763
nn 15 161 -0.1749222
nn 15 162 2.3428915
nn 15 163 -4.1019340
nn 15 164 1.0997834
nn 15 165 -3.5213704
nn 15 166 -2.9081070
nn 15 167 -2.4060841
nn 15 168 -1.9060299
nn 15 169 0.5488847
nn 15 170 0.8105768
nn 15 171 -2.4341805
nn 15 172 -0.4153772
ctl 15 0 0.6767501
ctl 15 1 0.5940274
ctl 15 2 0.6403536
ctl 15 3 -0.0111535
ctl 15 4 0.2691635
ctl 15 5 0.0737243
ctl 15 6 -0.0751278
ctl 15 7 0.0000000
ctl 15 8 -0.0137353
ctl 15 9 0.0000000
ctl 15 10 0.0000000
ctl 15 11 0.0784106
ctl 15 12 0.0078112
ctl 15 13 0.0482402
ctl 15 14 -0.0431135
ctl 15 15 -0.0665176
ctl 15 16 -0.0697061
ctl 15 17 -0.1009206
ctl 15 18 -0.0765512
ctl 15 19 -0.0396742
ctl 15 20 0.0198048
ctl 15 21 0.0978241
ctl 15 22 0.0349740
ctl 15 23 0.0001765
ctl 15 24 0.0957999
ctl 15 25 -0.0164736
ctl 15 26 -0.0347370
ctl 15 27 0.0472914
ctl 15 28 -0.0080341
ctl 15 29 -0.0324987
ctl 15 30 -0.0015284
ctl 15 31 -0.0888631
ctl 15 32 0.0000000
ctl 15 33 -0.0888631
ctl 15 34 0.0000000
ctl 15 35 0.0000000
ctl 15 36 0.0312144
ctl 15 37 0.0000000
ctl 15 38 0.0000000
ctl 15 39 0.0000000
ctl 15 40 0.5471289
ctl 15 41 0.7698350
ctl 15 42 0.5718707
ctl 15 43 -0.0074377
ctl 15 44 -0.0015716
ctl 15 45 -0.1412396
ctl 15 46 -0.0491362
ctl 15 47 0.0000000
ctl 15 48 -0.0620247
ctl 15 49 0.0000000
ctl 15 50 0.0000000
ctl 15 51 -0.0263241
ctl 15 52 -0.0129846
ctl 15 53 -0.0313989
ctl 15 54 0.0223868
ctl 15 55 0.0056235
ctl 15 56 -0.1181807
ctl 15 57 -0.1201913
ctl 15 58 -0.0521485
ctl 15 59 -0.1288695
ctl 15 60 0.0274125
ctl 15 61 0.0162191
ctl 15 62 0.0006697
ctl 15 63 -0.0242829
ctl 15 64 -0.0904013
ctl 15 65 0.0101018
ctl 15 66 0.0128253
ctl 15 67 -0.2189547
ctl 15 68 0.0118988
ctl 15 69 0.0131570
ctl 15 70 -0.0045496
ctl 15 71 -0.1111603
ctl 15 72 0.0000000
ctl 15 73 -0.1111603
ctl 15 74 0.0000000
ctl 15 75 0.0000000
ctl 15 76 0.0020102
ctl 15 77 0.0000000
ctl 15 78 0.0000000
ctl 15 79 0.0000000
ctl 15 80 0.6211989
ctl 15 81 0.5447659
ctl 15 82 0.7016999
ctl 15 83 0.0281253
ctl 15 84 0.0354363
ctl 15 85 0.0704608
ctl 15 86 -0.0038176
ctl 15 87 0.0000000
ctl 15 88 -0.1285103
ctl 15 89 0.0000000
ctl 15 90 0.0000000
ctl 15 91 -0.0311581
ctl 15 92 -0.0121109
ctl 15 93 -0.0412676
ctl 15 94 -0.1513787
ctl 15 95 0.0097238
ctl 15 96 -0.1131542
ctl 15 97 -0.0535467
ctl 15 98 0.0021824
ctl 15 99 -0.0388575
ctl 15 100 0.0472508
ctl 15 101 0.0092409
ctl 15 102 -0.0394342
ctl 15 103 -0.0586420
ctl 15 104 -0.0093161
ctl 15 105 -0.0058859
ctl 15 106 -0.0995015
ctl 15 107 0.1009753
ctl 15 108 -0.0002699
ctl 15 109 0.0080701
ctl 15 110 0.0057298
ctl 15 111 -0.1323281
ctl 15 112 0.0000000
ctl 15 113 -0.1323281
ctl 15 114 0.0000000
ctl 15 115 0.0000000
ctl 15 116 -0.0596080
ctl 15 117 0.0000000
ctl 15 118 0.0000000
ctl 15 119 0.0000000
ctl 15 120 -0.0830925
ctl 15 121 0.0276124
ctl 15 122 -0.0689453
ctl 15 123 -0.1024437
ctl 15 124 0.9591876
ctl 15 125 -0.0043982
ctl 15 126 -0.1090501
ctl 15 127 0.0000000
ctl 15 128 -0.0153753
ctl 15 129 0.0000000
ctl 15 130 0.0000000
ctl 15 131 0.0134243
ctl 15 132 -0.0092535
ctl 15 133 -0.0285478
ctl 15 134 -0.3155618
ctl 15 135 -0.1044311
ctl 15 136 -0.1020040
ctl 15 137 -0.2629111
ctl 15 138 -0.1030610
ctl 15 139 -0.1632378
ctl 15 140 0.1299604
ctl 15 141 0.2374594
ctl 15 142 -0.0247504
ctl 15 143 -0.1117166
ctl 15 144 -0.0238903
ctl 15 145 0.0197560
ctl 15 146 -0.0347541
ctl 15 147 -0.1371118
ctl 15 148 0.0112827
ctl 15 149 -0.0248642
ctl 15 150 -0.0077811
ctl 15 151 -0.1244255
ctl 15 152 0.0000000
ctl 15 153 -0.1244255
ctl 15 154 0.0000000
ctl 15 155 0.0000000
ctl 15 156 0.1609071
ctl 15 157 0.0000000
ctl 15 158 0.0000000
ctl 15 159 0.4000000
ctl 15 160 0.0092599
ctl 15 161 -0.0207708
ctl 15 162 0.0202165
ctl 15 163 1.9136981
ctl 15 164 -0.2045095
ctl 15 165 -0.0156884
ctl 15 166 0.0092867
ctl 15 167 0.0000000
ctl 15 168 -0.0005811
ctl 15 169 0.0000000
ctl 15 170 0.0000000
ctl 15 171 -0.0060060
ctl 15 172 0.0168997
ctl 15 173 -0.0296577
ctl 15 174 0.0679436
ctl 15 175 0.0230879
ctl 15 176 0.0037830
ctl 15 177 0.0447799
ctl 15 178 0.0080397
ctl 15 179 0.0225426
ctl 15 180 -0.0203160
ctl 15 181 -0.0527471
ctl 15 182 0.0225182
ctl 15 183 -0.0151151
ctl 15 184 0.0184870
ctl 15 185 -0.0116580
ctl 15 186 0.0168410
ctl 15 187 0.0225675
ctl 15 188 -0.0033812
ctl 15 189 0.0008776
ctl 15 190 0.0023383
ctl 15 191 0.0087056
ctl 15 192 0.0000000
ctl 15 193 0.0087056
ctl 15 194 0.0000000
ctl 15 195 0.0000000
ctl 15 196 -0.0409968
ctl 15 197 0.0000000
ctl 15 198 0.0000000
ctl 15 199 0.0000000
ctl 15 200 -0.1101701
ctl 15 201 0.0000806
ctl 15 202 -0.0466653
ctl 15 203 0.0114218
ctl 15 204 0.4419822
ctl 15 205 0.0038211
ctl 15 206 0.0301738
ctl 15 207 0.0000000
ctl 15 208 -0.1869287
ctl 15 209 0.0000000
ctl 15 210 0.0000000
ctl 15 211 -0.0022096
ctl 15 212 0.0103939
ctl 15 213 0.0116913
ctl 15 214 -0.2205444
ctl 15 215 -0.0377841
ctl 15 216 -0.1419018
ctl 15 217 -0.1661975
ctl 15 218 0.0350735
ctl 15 219 -0.1290925
ctl 15 220 0.0556439
ctl 15 221 0.1401771
ctl 15 222 0.0110337
ctl 15 223 -0.0457895
ctl 15 224 -0.0143163
ctl 15 225 0.0285580
ctl 15 226 -0.0277322
ctl 15 227 -0.0848166
ctl 15 228 0.0130625
ctl 15 229 -0.0209272
ctl 15 230 -0.0055111
ctl 15 231 -0.1567547
ctl 15 232 0.0000000
ctl 15 233 -0.1567547
ctl 15 234 0.0000000
ctl 15 235 0.0000000
ctl 15 236 0.0242957
ctl 15 237 0.0000000
ctl 15 238 0.0000000
ctl 15 239 0.4000000
ctl 15 240 0.0469520
ctl 15 241 -0.0760332
ctl 15 242 -0.0258175
ctl 15 243 -0.0062042
ctl 15 244 1.0514938
ctl 15 245 0.0030723
ctl 15 246 -0.2876758
ctl 15 247 0.0000000
ctl 15 248 0.2327780
ctl 15 249 0.0000000
ctl 15 250 0.0000000
ctl 15 251 0.0217820
ctl 15 252 -0.0361140
ctl 15 253 -0.0643082
ctl 15 254 0.2693889
ctl 15 255 0.0919046
ctl 15 256 -0.0448327
ctl 15 257 0.0700099
ctl 15 258 -0.2906664
ctl 15 259 0.0520783
ctl 15 260 -0.0408418
ctl 15 261 -0.1127013
ctl 15 262 -0.0290893
ctl 15 263 0.0135043
ctl 15 264 0.0013603
ctl 15 265 -0.0966156
ctl 15 266 -0.1047110
ctl 15 267 0.0948693
ctl 15 268 0.0120195
ctl 15 269 0.0229355
ctl 15 270 0.0103885
ctl 15 271 -0.0548981
ctl 15 272 0.0000000
ctl 15 273 -0.0548981
ctl 15 274 0.0000000
ctl 15 275 0.0000000
ctl 15 276 -0.1148425
ctl 15 277 0.0000000
ctl 15 278 0.0000000
ctl 15 279 0.0000000
ctl 15 280 -0.1303850
ctl 15 281 0.1029763
ctl 15 282 -0.0956828
ctl 15 283 -0.0001981
ctl 15 284 0.4874211
ctl 15 285 0.1005604
ctl 15 286 -0.0430503
ctl 15 287 0.0000000
ctl 15 288 -0.0800412
ctl 15 289 0.0000000
ctl 15 290 0.0000000
ctl 15 291 0.0046656
ctl 15 292 0.0582886
ctl 15 293 -0.1427334
ctl 15 294 -0.2732362
ctl 15 295 0.1680468
ctl 15 296 -0.0959662
ctl 15 297 -0.0561567
ctl 15 298 -0.0371879
ctl 15 299 -0.0140925
ctl 15 300 0.0676514
ctl 15 301 0.2258016
ctl 15 302 -0.0440433
ctl 15 303 -0.1709500
ctl 15 304 -0.0117126
ctl 15 305 -0.1087634
ctl 15 306 -0.2535232
ctl 15 307 0.2496175
ctl 15 308 -0.0011757
ctl 15 309 0.0151241
ctl 15 310 0.0056683
ctl 15 311 -0.1230913
ctl 15 312 0.0000000
ctl 15 313 -0.1230913
ctl 15 314 0.0000000
ctl 15 315 0.0000000
ctl 15 316 -0.0398095
ctl 15 317 0.0000000
ctl 15 318 0.0000000
ctl 15 319 0.4000000
ctl 15 320 0.0612307
ctl 15 321 -0.1364155
ctl 15 322 0.0789871
ctl 15 323 -0.0065434
ctl 15 324 0.1925406
ctl 15 325 0.7011749
ctl 15 326 0.0074439
ctl 15 327 0.0000000
ctl 15 328 -0.0036414
ctl 15 329 0.0000000
ctl 15 330 0.0000000
ctl 15 331 -0.0380970
ctl 15 332 0.0608509
ctl 15 333 0.0623842
ctl 15 334 0.1138574
ctl 15 335 -0.3651946
ctl 15 336 -0.0107977
ctl 15 337 -0.0272399
ctl 15 338 0.0057792
ctl 15 339 0.0415290
ctl 15 340 -0.0466728
ctl 15 341 -0.0175579
ctl 15 342 0.0458570
ctl 15 343 0.1035284
ctl 15 344 -0.0894810
ctl 15 345 -0.0429584
ctl 15 346 -0.0205639
ctl 15 347 -0.5852844
ctl 15 348 -0.0077550
ctl 15 349 -0.0505000
ctl 15 350 -0.0145000
ctl 15 351 0.0038023
ctl 15 352 0.0000000
ctl 15 353 0.0038023
ctl 15 354 0.0000000
ctl 15 355 0.0000000
ctl 15 356 0.0164421
ctl 15 357 0.0000000
ctl 15 358 0.0000000
ctl 15 359 0.0000000
ctl 15 360 -0.0443221
ctl 15 361 -0.0236225
ctl 15 362 -0.0345958
ctl 15 363 -0.0087614
ctl 15 364 -0.1065197
ctl 15 365 -0.0243517
ctl 15 366 1.4018209
ctl 15 367 0.0000000
ctl 15 368 0.4956364
ctl 15 369 0.0000000
ctl 15 370 0.0000000
ctl 15 371 -0.0093234
ctl 15 372 0.0092541
ctl 15 373 0.0150179
ctl 15 374 -0.1254508
ctl 15 375 -0.0007525
ctl 15 376 -0.0987773
ctl 15 377 -0.1081968
ctl 15 378 -0.5921761
ctl 15 379 -0.0761387
ctl 15 380 0.0654126
ctl 15 381 0.0515319
ctl 15 382 -0.0146684
ctl 15 383 -0.0633583
ctl 15 384 -0.0181830
ctl 15 385 -0.0240568
ctl 15 386 -0.0296599
ctl 15 387 -0.0280120
ctl 15 388 0.0073979
ctl 15 389 -0.0049019
ctl 15 390 -0.0033099
ctl 15 391 -0.1025402
ctl 15 392 0.0000000
ctl 15 393 -0.1025402
ctl 15 394 0.0000000
ctl 15 395 0.0000000
ctl 15 396 0.0094191
ctl 15 397 0.0000000
ctl 15 398 0.0000000
ctl 15 399 0.0000000
ctl 15 400 0.0149861
ctl 15 401 -0.0118709
ctl 15 402 0.0058974
ctl 15 403 -0.0069232
ctl 15 404 -0.2266825
ctl 15 405 -0.0008776
ctl 15 406 0.0252222
ctl 15 407 2.0000000
ctl 15 408 -0.0162098
ctl 15 409 0.0000000
ctl 15 410 0.0000000
ctl 15 411 -0.0056721
ctl 15 412 0.0169519
ctl 15 413 0.0124247
ctl 15 414 0.0623226
ctl 15 415 0.0163200
ctl 15 416 0.0044254
ctl 15 417 0.0408461
ctl 15 418 0.0239752
ctl 15 419 0.0203610
ctl 15 420 -0.0219467
ctl 15 421 -0.0406503
ctl 15 422 0.0017013
ctl 15 423 0.0194077
ctl 15 424 0.0044271
ctl 15 425 0.0002735
ctl 15 426 0.0037785
ctl 15 427 0.0255770
ctl 15 428 -0.0027679
ctl 15 429 0.0068908
ctl 15 430 0.0018276
ctl 15 431 0.0090125
ctl 15 432 0.0000000
ctl 15 433 0.0090125
ctl 15 434 0.0000000
ctl 15 435 0.0000000
ctl 15 436 -0.0364208
ctl 15 437 0.0000000
ctl 15 438 0.0000000
ctl 15 439 0.0000000
ctl 15 440 -0.1253461
ctl 15 441 -0.0465834
ctl 15 442 -0.0848142
ctl 15 443 0.0362887
ctl 15 444 0.7596723
ctl 15 445 0.0276389
ctl 15 446 0.4076716
ctl 15 447 0.0000000
ctl 15 448 1.3355759
ctl 15 449 0.0000000
ctl 15 450 0.0000000
ctl 15 451 0.0077475
ctl 15 452 -0.0475755
ctl 15 453 -0.0510489
ctl 15 454 -0.1460234
ctl 15 455 -0.0841330
ctl 15 456 -0.2192479
ctl 15 457 -0.2284427
ctl 15 458 0.4051000
ctl 15 459 -0.1813278
ctl 15 460 0.0727669
ctl 15 461 0.1014127
ctl 15 462 0.0208961
ctl 15 463 -0.0376828
ctl 15 464 0.0057065
ctl 15 465 0.0144598
ctl 15 466 -0.0869943
ctl 15 467 -0.0871501
ctl 15 468 -0.0006695
ctl 15 469 -0.0178298
ctl 15 470 -0.0023721
ctl 15 471 -0.2567444
ctl 15 472 0.0000000
ctl 15 473 -0.2567444
ctl 15 474 0.0000000
ctl 15 475 0.0000000
ctl 15 476 0.0091946
ctl 15 477 0.0000000
ctl 15 478 0.0000000
ctl 15 479 0.0000000
ctl 15 480 0.0149861
ctl 15 481 -0.0118709
ctl 15 482 0.0058974
ctl 15 483 -0.0069232
ctl 15 484 -0.2266825
ctl 15 485 -0.0008776
ctl 15 486 0.0252222
ctl 15 487 0.0000000
ctl 15 488 -0.0162098
ctl 15 489 2.0000000
ctl 15 490 0.0000000
ctl 15 491 -0.0056721
ctl 15 492 0.0169519
ctl 15 493 0.0124247
ctl 15 494 0.0623226
ctl 15 495 0.0163200
ctl 15 496 0.0044254
ctl 15 497 0.0408461
ctl 15 498 0.0239752
ctl 15 499 0.0203610
ctl 15 500 -0.0219467
ctl 15 501 -0.0406503
ctl 15 502 0.0017013
ctl 15 503 0.0194077
ctl 15 504 0.0044271
ctl 15 505 0.0002735
ctl 15 506 0.0037785
ctl 15 507 0.0255770
ctl 15 508 -0.0027679
ctl 15 509 0.0068908
ctl 15 510 0.0018276
ctl 15 511 0.0090125
ctl 15 512 0.0000000
ctl 15 513 0.0090125
ctl 15 514 0.0000000
ctl 15 515 0.0000000
ctl 15 516 -0.0364208
ctl 15 517 0.0000000
ctl 15 518 0.0000000
ctl 15 519 0.0000000
ctl 15 520 0.0149861
ctl 15 521 -0.0118709
ctl 15 522 0.0058974
ctl 15 523 -0.0069232
ctl 15 524 -0.2266825
ctl 15 525 -0.0008776
ctl 15 526 0.0252222
ctl 15 527 0.0000000
ctl 15 528 -0.0162098
ctl 15 529 0.0000000
ctl 15 530 2.0000000
ctl 15 531 -0.0056721
ctl 15 532 0.0169519
ctl 15 533 0.0124247
ctl 15 534 0.0623226
ctl 15 535 0.0163200
ctl 15 536 0.0044254
ctl 15 537 0.0408461
ctl 15 538 0.0239752
ctl 15 539 0.0203610
ctl 15 540 -0.0219467
ctl 15 541 -0.0406503
ctl 15 542 0.0017013
ctl 15 543 0.0194077
ctl 15 544 0.0044271
ctl 15 545 0.0002735
ctl 15 546 0.0037785
ctl 15 547 0.0255770
ctl 15 548 -0.0027679
ctl 15 549 0.0068908
ctl 15 550 0.0018276
ctl 15 551 0.0090125
ctl 15 552 0.0000000
ctl 15 553 0.0090125
ctl 15 554 0.0000000
ctl 15 555 0.0000000
ctl 15 556 -0.0364208
ctl 15 557 0.0000000
ctl 15 558 0.0000000
ctl 15 559 0.0000000
ctl 15 560 0.0243563
ctl 15 561 0.0351512
ctl 15 562 -0.0750547
ctl 15 563 0.0027871
ctl 15 564 0.0159031
ctl 15 565 0.0732008
ctl 15 566 0.0510547
ctl 15 567 0.0000000
ctl 15 568 -0.0666020
ctl 15 569 0.0000000
ctl 15 570 0.0000000
ctl 15 571 0.9626020
ctl 15 572 -0.0384626
ctl 15 573 0.0302536
ctl 15 574 -0.0170798
ctl 15 575 0.0096483
ctl 15 576 -0.0191077
ctl 15 577 0.0255764
ctl 15 578 0.0490547
ctl 15 579 -0.0751645
ctl 15 580 0.2066800
ctl 15 581 -0.0205778
ctl 15 582 0.0044058
ctl 15 583 0.0464857
ctl 15 584 0.0053723
ctl 15 585 0.0330592
ctl 15 586 0.0752424
ctl 15 587 0.0416386
ctl 15 588 -0.0016121
ctl 15 589 -0.0046400
ctl 15 590 -0.0009249
ctl 15 591 -0.0155470
ctl 15 592 0.0000000
ctl 15 593 -0.0155470
ctl 15 594 0.0000000
ctl 15 595 0.0000000
ctl 15 596 -0.0446842
ctl 15 597 0.0000000
ctl 15 598 0.0000000
ctl 15 599 0.0000000
ctl 15 600 0.0007847
ctl 15 601 0.0063132
ctl 15 602 -0.0045710
ctl 15 603 -0.0069222
ctl 15 604 0.0474404
ctl 15 605 -0.0902028
ctl 15 606 0.0148424
ctl 15 607 0.0000000
ctl 15 608 -0.0123156
ctl 15 609 0.0000000
ctl 15 610 0.0000000
ctl 15 611 -0.0095171
ctl 15 612 0.6233537
ctl 15 613 -0.0764768
ctl 15 614 -0.0130144
ctl 15 615 0.0141364
ctl 15 616 0.0076838
ctl 15 617 0.0039887
ctl 15 618 0.0151511
ctl 15 619 -0.0237511
ctl 15 620 0.0088899
ctl 15 621 0.1724615
ctl 15 622 -0.0196932
ctl 15 623 -0.0654035
ctl 15 624 -0.0269741
ctl 15 625 0.0255040
ctl 15 626 0.0437259
ctl 15 627 -0.0899050
ctl 15 628 0.0024308
ctl 15 629 0.0027643
ctl 15 630 0.0015123
ctl 15 631 0.0025268
ctl 15 632 0.0000000
ctl 15 633 0.0025268
ctl 15 634 0.0000000
ctl 15 635 0.0000000
ctl 15 636 0.0036951
ctl 15 637 0.0000000
ctl 15 638 0.0000000
ctl 15 639 0.0000000
ctl 15 640 -0.0888631
ctl 15 641 -0.1111603
ctl 15 642 -0.1323281
ctl 15 643 0.2755749
ctl 15 644 0.0087056
ctl 15 645 0.2432450
ctl 15 646 -0.0548981
ctl 15 647 0.2769089
ctl 15 648 0.0038023
ctl 15 649 -0.1025402
ctl 15 650 0.0090125
ctl 15 651 -0.2567444
ctl 15 652 0.0090125
ctl 15 653 0.0090125
ctl 15 654 -0.0155470
ctl 15 655 0.0025268
